"","...1","Pi","Zi","group","otu.name","Kingdom","Kingdom1","Phylum","Class","Order","Family","Genus","Funguild","OTU.ID","Morph","Morph1","Habitat","Treatment","tpA","tpB","network","Treatment1","Treatment2","Treatment3"
"139","Bac45",0.677685950413223,1.8298126367785,"Connector","Bac45","Prokaryote","Bacteria","Actinobacteria","ActinobacteriaPH","Actinomycetales","Pseudonocardiaceae","PseudonocardiaceaeFA","_","Bac45","Actinobacteria","Actinobacteria","Leaf","Pre_flowering_drought",2,9,"Bac-Bac","Drought period","Drought","Drought"
"168","Bac177",0.375,2.85202106928053,"Module hub","Bac177","Prokaryote","Bacteria","Proteobacteria","Alphaproteobacteria","Rhizobiales","Bradyrhizobiaceae","Balneimonas","_","Bac177","Non-Actinobacteria","Non-Actinobacteria","Leaf","Pre_flowering_drought",2,9,"Bac-Bac","Drought period","Drought","Drought"
"173","Bac372",0.625,-0.7319250547114,"Connector","Bac372","Prokaryote","Bacteria","Actinobacteria","ActinobacteriaPH","Solirubrobacterales","SolirubrobacteralesOR","SolirubrobacteralesOR","_","Bac372","Actinobacteria","Actinobacteria","Leaf","Pre_flowering_drought",2,9,"Bac-Bac","Drought period","Drought","Drought"
"193","Bac201",0.625,-0.3659625273557,"Connector","Bac201","Prokaryote","Bacteria","Acidobacteria","AcidobacteriaPH","Acidobacteriales","AcidobacterialesOR","AcidobacterialesOR","_","Bac201","Non-Actinobacteria","Non-Actinobacteria","Leaf","Pre_flowering_drought",2,9,"Bac-Bac","Drought period","Drought","Drought"
"195","Bac235",0.666666666666667,-0.82915619758885,"Connector","Bac235","Prokaryote","Bacteria","Chloroflexi","Thermomicrobia","ThermomicrobiaCL","ThermomicrobiaCL","ThermomicrobiaCL","_","Bac235","Non-Actinobacteria","Non-Actinobacteria","Leaf","Pre_flowering_drought",2,9,"Bac-Bac","Drought period","Drought","Drought"
"215","Bac950",0.625,0,"Connector","Bac950","Prokaryote","Bacteria","Actinobacteria","ActinobacteriaPH","Solirubrobacterales","SolirubrobacteralesOR","SolirubrobacteralesOR","_","Bac950","Actinobacteria","Actinobacteria","Leaf","Pre_flowering_drought",2,9,"Bac-Bac","Drought period","Drought","Drought"
"226","Bac25",0,3.25402961662192,"Module hub","Bac25","Prokaryote","Bacteria","Actinobacteria","ActinobacteriaPH","Actinomycetales","Nocardioidaceae","Kribbella","_","Bac25","Actinobacteria","Actinobacteria","Leaf","Pre_flowering_drought",8,18,"Bac-Bac","Rewetting period","Drought","Rewetting"
"233","Bac61",0,3.25402961662192,"Module hub","Bac61","Prokaryote","Bacteria","Actinobacteria","ActinobacteriaPH","Actinomycetales","Nocardioidaceae","NocardioidaceaeFA","_","Bac61","Actinobacteria","Actinobacteria","Leaf","Pre_flowering_drought",8,18,"Bac-Bac","Rewetting period","Drought","Rewetting"
"358","Bac3",0,2.54663033884723,"Module hub","Bac3","Prokaryote","Bacteria","Actinobacteria","ActinobacteriaPH","Actinomycetales","Streptomycetaceae","Streptomyces","_","Bac3","Actinobacteria","Actinobacteria","Rhizosphere","Control",2,9,"Bac-Bac","Drought period","Control","Control"
"359","Bac7",0,2.66835606573553,"Module hub","Bac7","Prokaryote","Bacteria","Firmicutes","Bacilli","Bacillales","Bacillaceae","Bacillus","_","Bac7","Non-Actinobacteria","Non-Actinobacteria","Rhizosphere","Control",2,9,"Bac-Bac","Drought period","Control","Control"
"369","Bac21",0.0978980228928199,2.69331174288018,"Module hub","Bac21","Prokaryote","Bacteria","Proteobacteria","Alphaproteobacteria","Rhizobiales","Hyphomicrobiaceae","Devosia","_","Bac21","Non-Actinobacteria","Non-Actinobacteria","Rhizosphere","Control",2,9,"Bac-Bac","Drought period","Control","Control"
"371","Bac17",0,3.5204361539536,"Module hub","Bac17","Prokaryote","Bacteria","Firmicutes","Bacilli","Bacillales","Bacillaceae","Bacillus","_","Bac17","Non-Actinobacteria","Non-Actinobacteria","Rhizosphere","Control",2,9,"Bac-Bac","Drought period","Control","Control"
"372","Bac25",0,2.66835606573553,"Module hub","Bac25","Prokaryote","Bacteria","Actinobacteria","ActinobacteriaPH","Actinomycetales","Nocardioidaceae","Kribbella","_","Bac25","Actinobacteria","Actinobacteria","Rhizosphere","Control",2,9,"Bac-Bac","Drought period","Control","Control"
"373","Bac27",1.11022302462516e-16,2.72921892917967,"Module hub","Bac27","Prokaryote","Bacteria","Actinobacteria","ActinobacteriaPH","Actinomycetales","Glycomycetaceae","Glycomyces","_","Bac27","Actinobacteria","Actinobacteria","Rhizosphere","Control",2,9,"Bac-Bac","Drought period","Control","Control"
"375","Bac28",0,2.66835606573553,"Module hub","Bac28","Prokaryote","Bacteria","Firmicutes","Bacilli","Bacillales","Bacillaceae","Bacillus","_","Bac28","Non-Actinobacteria","Non-Actinobacteria","Rhizosphere","Control",2,9,"Bac-Bac","Drought period","Control","Control"
"377","Bac32",0,2.54663033884723,"Module hub","Bac32","Prokaryote","Bacteria","Actinobacteria","ActinobacteriaPH","Actinomycetales","Streptomycetaceae","Streptomyces","_","Bac32","Actinobacteria","Actinobacteria","Rhizosphere","Control",2,9,"Bac-Bac","Drought period","Control","Control"
"379","Bac35",1.11022302462516e-16,2.91180751951212,"Module hub","Bac35","Prokaryote","Bacteria","Actinobacteria","ActinobacteriaPH","Actinomycetales","Nocardioidaceae","NocardioidaceaeFA","_","Bac35","Actinobacteria","Actinobacteria","Rhizosphere","Control",2,9,"Bac-Bac","Drought period","Control","Control"
"396","Bac58",0,2.66835606573553,"Module hub","Bac58","Prokaryote","Bacteria","Actinobacteria","ActinobacteriaPH","Actinomycetales","Streptomycetaceae","Streptomyces","_","Bac58","Actinobacteria","Actinobacteria","Rhizosphere","Control",2,9,"Bac-Bac","Drought period","Control","Control"
"398","Bac20",0.625,-0.99973326543198,"Connector","Bac20","Prokaryote","Bacteria","Bacteroidetes","Sphingobacteria","Sphingobacteriales","SphingobacterialesOR","SphingobacterialesOR","_","Bac20","Non-Actinobacteria","Non-Actinobacteria","Rhizosphere","Control",2,9,"Bac-Bac","Drought period","Control","Control"
"408","Bac76",0,2.54663033884723,"Module hub","Bac76","Prokaryote","Bacteria","Actinobacteria","ActinobacteriaPH","Actinomycetales","Streptomycetaceae","Streptomyces","_","Bac76","Actinobacteria","Actinobacteria","Rhizosphere","Control",2,9,"Bac-Bac","Drought period","Control","Control"
"432","Bac101",0.027391975308642,2.56404081868577,"Module hub","Bac101","Prokaryote","Bacteria","Proteobacteria","Alphaproteobacteria","Caulobacterales","Caulobacteraceae","Asticcacaulis","_","Bac101","Non-Actinobacteria","Non-Actinobacteria","Rhizosphere","Control",2,9,"Bac-Bac","Drought period","Control","Control"
"463","Bac132",1.11022302462516e-16,2.72921892917967,"Module hub","Bac132","Prokaryote","Bacteria","Firmicutes","Bacilli","Bacillales","Bacillaceae","Bacillus","_","Bac132","Non-Actinobacteria","Non-Actinobacteria","Rhizosphere","Control",2,9,"Bac-Bac","Drought period","Control","Control"
"470","Bac144",0,2.66835606573553,"Module hub","Bac144","Prokaryote","Bacteria","Actinobacteria","ActinobacteriaPH","Actinomycetales","Mycobacteriaceae","Mycobacterium","_","Bac144","Actinobacteria","Actinobacteria","Rhizosphere","Control",2,9,"Bac-Bac","Drought period","Control","Control"
"501","Bac187",0.1128,2.76670368805594,"Module hub","Bac187","Prokaryote","Bacteria","Bacteroidetes","Sphingobacteria","Sphingobacteriales","SphingobacterialesOR","Flavisolibacter","_","Bac187","Non-Actinobacteria","Non-Actinobacteria","Rhizosphere","Control",2,9,"Bac-Bac","Drought period","Control","Control"
"505","Bac198",0.120707596253902,3.66737339432479,"Module hub","Bac198","Prokaryote","Bacteria","Bacteroidetes","Flavobacteria","Flavobacteriales","Flavobacteriaceae","Flavobacterium","_","Bac198","Non-Actinobacteria","Non-Actinobacteria","Rhizosphere","Control",2,9,"Bac-Bac","Drought period","Control","Control"
"525","Bac175",0.64,0.730296743340221,"Connector","Bac175","Prokaryote","Bacteria","Acidobacteria","AcidobacteriaPH","AcidobacteriaPH","Koribacteraceae","KoribacteraceaeFA","_","Bac175","Non-Actinobacteria","Non-Actinobacteria","Rhizosphere","Control",2,9,"Bac-Bac","Drought period","Control","Control"
"552","Bac272",0,2.69331174288018,"Module hub","Bac272","Prokaryote","Bacteria","Proteobacteria","Deltaproteobacteria","Bdellovibrionales","Bdellovibrionaceae","BdellovibrionaceaeFA","_","Bac272","Non-Actinobacteria","Non-Actinobacteria","Rhizosphere","Control",2,9,"Bac-Bac","Drought period","Control","Control"
"591","Bac325",0,2.6674575580413,"Module hub","Bac325","Prokaryote","Bacteria","Proteobacteria","Alphaproteobacteria","AlphaproteobacteriaCL","AlphaproteobacteriaCL","AlphaproteobacteriaCL","_","Bac325","Non-Actinobacteria","Non-Actinobacteria","Rhizosphere","Control",2,9,"Bac-Bac","Drought period","Control","Control"
"593","Bac331",0.0122694711172077,3.05527033062453,"Module hub","Bac331","Prokaryote","Bacteria","Verrucomicrobia","Verrucomicrobiae","Verrucomicrobiales","Verrucomicrobiaceae","Luteolibacter","_","Bac331","Non-Actinobacteria","Non-Actinobacteria","Rhizosphere","Control",2,9,"Bac-Bac","Drought period","Control","Control"
"609","Bac359",0,3.02941614578565,"Module hub","Bac359","Prokaryote","Bacteria","Proteobacteria","Deltaproteobacteria","Bdellovibrionales","Bdellovibrionaceae","BdellovibrionaceaeFA","_","Bac359","Non-Actinobacteria","Non-Actinobacteria","Rhizosphere","Control",2,9,"Bac-Bac","Drought period","Control","Control"
"641","Bac415",0.473372781065089,2.70416345659799,"Module hub","Bac415","Prokaryote","Bacteria","Proteobacteria","Gammaproteobacteria","Pseudomonadales","Moraxellaceae","Acinetobacter","_","Bac415","Non-Actinobacteria","Non-Actinobacteria","Rhizosphere","Control",2,9,"Bac-Bac","Drought period","Control","Control"
"660","Bac447",1.11022302462516e-16,3.3987104270653,"Module hub","Bac447","Prokaryote","Bacteria","Firmicutes","Bacilli","Bacillales","Paenibacillaceae","Paenibacillus","_","Bac447","Non-Actinobacteria","Non-Actinobacteria","Rhizosphere","Control",2,9,"Bac-Bac","Drought period","Control","Control"
"771","Bac624",1.11022302462516e-16,3.3987104270653,"Module hub","Bac624","Prokaryote","Bacteria","Firmicutes","Bacilli","Bacillales","Paenibacillaceae","Paenibacillus","_","Bac624","Non-Actinobacteria","Non-Actinobacteria","Rhizosphere","Control",2,9,"Bac-Bac","Drought period","Control","Control"
"782","Bac706",0.0374863077609641,2.87429103675235,"Module hub","Bac706","Prokaryote","Bacteria","Proteobacteria","Alphaproteobacteria","AlphaproteobacteriaCL","AlphaproteobacteriaCL","AlphaproteobacteriaCL","_","Bac706","Non-Actinobacteria","Non-Actinobacteria","Rhizosphere","Control",2,9,"Bac-Bac","Drought period","Control","Control"
"890","Bac978",0,3.276984700177,"Module hub","Bac978","Prokaryote","Bacteria","Firmicutes","Bacilli","Bacillales","Thermoactinomycetaceae","ThermoactinomycetaceaeFA","_","Bac978","Non-Actinobacteria","Non-Actinobacteria","Rhizosphere","Control",2,9,"Bac-Bac","Drought period","Control","Control"
"920","Bac1144",0.308390022675737,3.09421994488098,"Module hub","Bac1144","Prokaryote","Bacteria","Bacteroidetes","Sphingobacteria","Sphingobacteriales","SphingobacterialesOR","Flavisolibacter","_","Bac1144","Non-Actinobacteria","Non-Actinobacteria","Rhizosphere","Control",2,9,"Bac-Bac","Drought period","Control","Control"
"1245","Bac3",0,2.84548404180695,"Module hub","Bac3","Prokaryote","Bacteria","Actinobacteria","ActinobacteriaPH","Actinomycetales","Streptomycetaceae","Streptomyces","_","Bac3","Actinobacteria","Actinobacteria","Rhizosphere","Control",8,18,"Bac-Bac","Rewetting period","Control","Control"
"1260","Bac30",0.473372781065089,3.22702064435435,"Module hub","Bac30","Prokaryote","Bacteria","Proteobacteria","Gammaproteobacteria","Xanthomonadales","Sinobacteraceae","SinobacteraceaeFA","_","Bac30","Non-Actinobacteria","Non-Actinobacteria","Rhizosphere","Control",8,18,"Bac-Bac","Rewetting period","Control","Control"
"1268","Bac27",0,3.04583210945083,"Module hub","Bac27","Prokaryote","Bacteria","Actinobacteria","ActinobacteriaPH","Actinomycetales","Glycomycetaceae","Glycomyces","_","Bac27","Actinobacteria","Actinobacteria","Rhizosphere","Control",8,18,"Bac-Bac","Rewetting period","Control","Control"
"1280","Bac73",0,3.94739841384828,"Module hub","Bac73","Prokaryote","Bacteria","Bacteroidetes","Sphingobacteria","Sphingobacteriales","Flexibacteraceae","Cytophaga","_","Bac73","Non-Actinobacteria","Non-Actinobacteria","Rhizosphere","Control",8,18,"Bac-Bac","Rewetting period","Control","Control"
"1281","Bac67",0.498046875,3.1462526112268,"Module hub","Bac67","Prokaryote","Bacteria","Acidobacteria","AcidobacteriaPH","Acidobacteriales","AcidobacterialesOR","AcidobacterialesOR","_","Bac67","Non-Actinobacteria","Non-Actinobacteria","Rhizosphere","Control",8,18,"Bac-Bac","Rewetting period","Control","Control"
"1285","Bac77",0.499314128943759,2.57317503911876,"Module hub","Bac77","Prokaryote","Bacteria","Gemmatimonadetes","GemmatimonadetesPH","Gemmatimonadales","Gemmatimonadaceae","GemmatimonadaceaeFA","_","Bac77","Non-Actinobacteria","Non-Actinobacteria","Rhizosphere","Control",8,18,"Bac-Bac","Rewetting period","Control","Control"
"1291","Bac81",0,2.64513597416308,"Module hub","Bac81","Prokaryote","Bacteria","Bacteroidetes","Sphingobacteria","Sphingobacteriales","Flexibacteraceae","_","_","Bac81","Non-Actinobacteria","Non-Actinobacteria","Rhizosphere","Control",8,18,"Bac-Bac","Rewetting period","Control","Control"
"1300","Bac106",0.495867768595041,3.1462526112268,"Module hub","Bac106","Prokaryote","Bacteria","Acidobacteria","AcidobacteriaPH","Acidobacteriales","AcidobacterialesOR","AcidobacterialesOR","_","Bac106","Non-Actinobacteria","Non-Actinobacteria","Rhizosphere","Control",8,18,"Bac-Bac","Rewetting period","Control","Control"
"1325","Bac155",0,2.64513597416308,"Module hub","Bac155","Prokaryote","Bacteria","Actinobacteria","ActinobacteriaPH","Actinomycetales","Nocardiaceae","NocardiaceaeFA","_","Bac155","Actinobacteria","Actinobacteria","Rhizosphere","Control",8,18,"Bac-Bac","Rewetting period","Control","Control"
"1337","Bac187",0,3.44652824473858,"Module hub","Bac187","Prokaryote","Bacteria","Bacteroidetes","Sphingobacteria","Sphingobacteriales","SphingobacterialesOR","Flavisolibacter","_","Bac187","Non-Actinobacteria","Non-Actinobacteria","Rhizosphere","Control",8,18,"Bac-Bac","Rewetting period","Control","Control"
"1339","Bac180",0.444444444444444,2.57317503911876,"Module hub","Bac180","Prokaryote","Bacteria","Gemmatimonadetes","GemmatimonadetesPH","Gemmatimonadales","Gemmatimonadaceae","GemmatimonadaceaeFA","_","Bac180","Non-Actinobacteria","Non-Actinobacteria","Rhizosphere","Control",8,18,"Bac-Bac","Rewetting period","Control","Control"
"1346","Bac195",0.0555102040816327,2.54496194034114,"Module hub","Bac195","Prokaryote","Bacteria","Bacteroidetes","Sphingobacteria","Sphingobacteriales","Flexibacteraceae","Adhaeribacter","_","Bac195","Non-Actinobacteria","Non-Actinobacteria","Rhizosphere","Control",8,18,"Bac-Bac","Rewetting period","Control","Control"
"1361","Bac140",0.64,-0.387837923418105,"Connector","Bac140","Prokaryote","Bacteria","Proteobacteria","Gammaproteobacteria","Alteromonadales","Alteromonadaceae","Cellvibrio","_","Bac140","Non-Actinobacteria","Non-Actinobacteria","Rhizosphere","Control",8,18,"Bac-Bac","Rewetting period","Control","Control"
"1376","Bac242",0,2.64513597416308,"Module hub","Bac242","Prokaryote","Bacteria","Actinobacteria","ActinobacteriaPH","ActinobacteriaPH","ActinobacteriaPH","ActinobacteriaPH","_","Bac242","Actinobacteria","Actinobacteria","Rhizosphere","Control",8,18,"Bac-Bac","Rewetting period","Control","Control"
"1385","Bac213",0,3.34635421091664,"Module hub","Bac213","Prokaryote","Bacteria","TM7","TM7PH","TM7PH","TM7PH","TM7PH","_","Bac213","Non-Actinobacteria","Non-Actinobacteria","Rhizosphere","Control",8,18,"Bac-Bac","Rewetting period","Control","Control"
"1396","Bac285",0,3.44652824473858,"Module hub","Bac285","Prokaryote","Bacteria","Bacteroidetes","Sphingobacteria","Sphingobacteriales","SphingobacterialesOR","Flavisolibacter","_","Bac285","Non-Actinobacteria","Non-Actinobacteria","Rhizosphere","Control",8,18,"Bac-Bac","Rewetting period","Control","Control"
"1461","Bac531",0,3.64687631238246,"Module hub","Bac531","Prokaryote","Bacteria","Bacteroidetes","Sphingobacteria","Sphingobacteriales","Flexibacteraceae","FlexibacteraceaeFA","_","Bac531","Non-Actinobacteria","Non-Actinobacteria","Rhizosphere","Control",8,18,"Bac-Bac","Rewetting period","Control","Control"
"1500","Bac671",0.0665873959571939,2.64266145306012,"Module hub","Bac671","Prokaryote","Bacteria","Proteobacteria","Alphaproteobacteria","Rhodospirillales","Rhodospirillaceae","RhodospirillaceaeFA","_","Bac671","Non-Actinobacteria","Non-Actinobacteria","Rhizosphere","Control",8,18,"Bac-Bac","Rewetting period","Control","Control"
"1537","Bac847",0.459183673469388,3.04729796971368,"Module hub","Bac847","Prokaryote","Bacteria","Bacteroidetes","Sphingobacteria","Sphingobacteriales","Flammeovirgaceae","FlammeovirgaceaeFA","_","Bac847","Non-Actinobacteria","Non-Actinobacteria","Rhizosphere","Control",8,18,"Bac-Bac","Rewetting period","Control","Control"
"1550","Bac1007",0.665289256198347,0.85394232279465,"Connector","Bac1007","Prokaryote","Bacteria","Chlorobi","SM1B09","SM1B09CL","SM1B09CL","SM1B09CL","_","Bac1007","Non-Actinobacteria","Non-Actinobacteria","Rhizosphere","Control",8,18,"Bac-Bac","Rewetting period","Control","Control"
"1563","Bac1109",0,2.6098636149231,"Module hub","Bac1109","Prokaryote","Bacteria","Chloroflexi","Anaerolineae","envOPS12","envOPS12OR","envOPS12OR","_","Bac1109","Non-Actinobacteria","Non-Actinobacteria","Rhizosphere","Control",8,18,"Bac-Bac","Rewetting period","Control","Control"
"1901","Bac2763",0.625,-0.817229910059579,"Connector","Bac2763","Prokaryote","Bacteria","Cyanobacteria","Chloroplast","Stramenopiles","StramenopilesOR","StramenopilesOR","_","Bac2763","Non-Actinobacteria","Non-Actinobacteria","Rhizosphere","Control",8,18,"Bac-Bac","Rewetting period","Control","Control"
"1938","Bac23",0.152777777777778,2.79214903590358,"Module hub","Bac23","Prokaryote","Bacteria","Proteobacteria","Gammaproteobacteria","Xanthomonadales","Sinobacteraceae","Steroidobacter","_","Bac23","Non-Actinobacteria","Non-Actinobacteria","Rhizosphere","Pre_flowering_drought",2,9,"Bac-Bac","Drought period","Drought","Drought"
"1946","Bac43",0.260355029585799,2.79214903590358,"Module hub","Bac43","Prokaryote","Bacteria","Bacteroidetes","Sphingobacteria","Sphingobacteriales","SphingobacterialesOR","SphingobacterialesOR","_","Bac43","Non-Actinobacteria","Non-Actinobacteria","Rhizosphere","Pre_flowering_drought",2,9,"Bac-Bac","Drought period","Drought","Drought"
"1954","Bac70",0.144970414201184,3.10679174654042,"Module hub","Bac70","Prokaryote","Bacteria","Acidobacteria","Chloracidobacteria","ChloracidobacteriaCL","ChloracidobacteriaCL","ChloracidobacteriaCL","_","Bac70","Non-Actinobacteria","Non-Actinobacteria","Rhizosphere","Pre_flowering_drought",2,9,"Bac-Bac","Drought period","Drought","Drought"
"2115","Bac336",0.625,1.15470053837925,"Connector","Bac336","Prokaryote","Bacteria","Acidobacteria","Chloracidobacteria","ChloracidobacteriaCL","ChloracidobacteriaCL","ChloracidobacteriaCL","_","Bac336","Non-Actinobacteria","Non-Actinobacteria","Rhizosphere","Pre_flowering_drought",2,9,"Bac-Bac","Drought period","Drought","Drought"
"2255","Bac3",0,2.72868871207038,"Module hub","Bac3","Prokaryote","Bacteria","Actinobacteria","ActinobacteriaPH","Actinomycetales","Streptomycetaceae","Streptomyces","_","Bac3","Actinobacteria","Actinobacteria","Rhizosphere","Pre_flowering_drought",8,18,"Bac-Bac","Rewetting period","Drought","Rewetting"
"2270","Bac26",0.486851716581446,2.70960163311763,"Module hub","Bac26","Prokaryote","Bacteria","Proteobacteria","Alphaproteobacteria","Rhodospirillales","Rhodospirillaceae","RhodospirillaceaeFA","_","Bac26","Non-Actinobacteria","Non-Actinobacteria","Rhizosphere","Pre_flowering_drought",8,18,"Bac-Bac","Rewetting period","Drought","Rewetting"
"2322","Bac99",0.367309458218549,3.4831715653675,"Module hub","Bac99","Prokaryote","Bacteria","Gemmatimonadetes","GemmatimonadetesPH","Gemmatimonadales","Gemmatimonadaceae","Gemmatimonas","_","Bac99","Non-Actinobacteria","Non-Actinobacteria","Rhizosphere","Pre_flowering_drought",8,18,"Bac-Bac","Rewetting period","Drought","Rewetting"
"2417","Bac241",0.482853223593964,2.82599218206413,"Module hub","Bac241","Prokaryote","Bacteria","Gemmatimonadetes","GemmatimonadetesPH","GemmatimonadetesPH","GemmatimonadetesPH","GemmatimonadetesPH","_","Bac241","Non-Actinobacteria","Non-Actinobacteria","Rhizosphere","Pre_flowering_drought",8,18,"Bac-Bac","Rewetting period","Drought","Rewetting"
"2477","Bac428",0.421289437585734,3.64072602468965,"Module hub","Bac428","Prokaryote","Bacteria","Bacteroidetes","_","_","_","_","_","Bac428","Non-Actinobacteria","Non-Actinobacteria","Rhizosphere","Pre_flowering_drought",8,18,"Bac-Bac","Rewetting period","Drought","Rewetting"
"2510","Bac518",0.433195153061225,2.82599218206413,"Module hub","Bac518","Prokaryote","Bacteria","Bacteroidetes","Sphingobacteria","Sphingobacteriales","Sphingobacteriaceae","SphingobacteriaceaeFA","_","Bac518","Non-Actinobacteria","Non-Actinobacteria","Rhizosphere","Pre_flowering_drought",8,18,"Bac-Bac","Rewetting period","Drought","Rewetting"
"2524","Bac567",0.356949702541914,2.94238273101063,"Module hub","Bac567","Prokaryote","Bacteria","Verrucomicrobia","Verrucomicrobiae","Verrucomicrobiales","VerrucomicrobialesOR","VerrucomicrobialesOR","_","Bac567","Non-Actinobacteria","Non-Actinobacteria","Rhizosphere","Pre_flowering_drought",8,18,"Bac-Bac","Rewetting period","Drought","Rewetting"
"2529","Bac263",0.625,-0.665724286330952,"Connector","Bac263","Prokaryote","Bacteria","Bacteroidetes","Sphingobacteria","Sphingobacteriales","SphingobacterialesOR","Flavisolibacter","_","Bac263","Non-Actinobacteria","Non-Actinobacteria","Rhizosphere","Pre_flowering_drought",8,18,"Bac-Bac","Rewetting period","Drought","Rewetting"
"2663","Bac980",0.498367346938775,2.94238273101063,"Module hub","Bac980","Prokaryote","Bacteria","Gemmatimonadetes","GemmatimonadetesPH","GemmatimonadetesPH","GemmatimonadetesPH","GemmatimonadetesPH","_","Bac980","Non-Actinobacteria","Non-Actinobacteria","Rhizosphere","Pre_flowering_drought",8,18,"Bac-Bac","Rewetting period","Drought","Rewetting"
"2717","Bac1268",0.435742257030972,3.29155437785014,"Module hub","Bac1268","Prokaryote","Bacteria","Gemmatimonadetes","GemmatimonadetesPH","GemmatimonadetesPH","GemmatimonadetesPH","GemmatimonadetesPH","_","Bac1268","Non-Actinobacteria","Non-Actinobacteria","Rhizosphere","Pre_flowering_drought",8,18,"Bac-Bac","Rewetting period","Drought","Rewetting"
"2950","Bac1880",0.666666666666667,-0.809812996990203,"Connector","Bac1880","Prokaryote","Bacteria","Proteobacteria","Deltaproteobacteria","Bdellovibrionales","Bacteriovoracaceae","BacteriovoracaceaeFA","_","Bac1880","Non-Actinobacteria","Non-Actinobacteria","Rhizosphere","Pre_flowering_drought",8,18,"Bac-Bac","Rewetting period","Drought","Rewetting"
"3017","Bac3",0,2.86869482335694,"Module hub","Bac3","Prokaryote","Bacteria","Actinobacteria","ActinobacteriaPH","Actinomycetales","Streptomycetaceae","Streptomyces","_","Bac3","Actinobacteria","Actinobacteria","Root","Control",2,9,"Bac-Bac","Drought period","Control","Control"
"3032","Bac17",0,2.81834066900079,"Module hub","Bac17","Prokaryote","Bacteria","Firmicutes","Bacilli","Bacillales","Bacillaceae","Bacillus","_","Bac17","Non-Actinobacteria","Non-Actinobacteria","Root","Control",2,9,"Bac-Bac","Drought period","Control","Control"
"3034","Bac25",0,3.22117390385003,"Module hub","Bac25","Prokaryote","Bacteria","Actinobacteria","ActinobacteriaPH","Actinomycetales","Nocardioidaceae","Kribbella","_","Bac25","Actinobacteria","Actinobacteria","Root","Control",2,9,"Bac-Bac","Drought period","Control","Control"
"3041","Bac32",0,2.86869482335694,"Module hub","Bac32","Prokaryote","Bacteria","Actinobacteria","ActinobacteriaPH","Actinomycetales","Streptomycetaceae","Streptomyces","_","Bac32","Actinobacteria","Actinobacteria","Root","Control",2,9,"Bac-Bac","Drought period","Control","Control"
"3043","Bac35",0,2.76798651464463,"Module hub","Bac35","Prokaryote","Bacteria","Actinobacteria","ActinobacteriaPH","Actinomycetales","Nocardioidaceae","NocardioidaceaeFA","_","Bac35","Actinobacteria","Actinobacteria","Root","Control",2,9,"Bac-Bac","Drought period","Control","Control"
"3058","Bac45",0,3.01975728642541,"Module hub","Bac45","Prokaryote","Bacteria","Actinobacteria","ActinobacteriaPH","Actinomycetales","Pseudonocardiaceae","PseudonocardiaceaeFA","_","Bac45","Actinobacteria","Actinobacteria","Root","Control",2,9,"Bac-Bac","Drought period","Control","Control"
"3060","Bac58",0,3.12046559513772,"Module hub","Bac58","Prokaryote","Bacteria","Actinobacteria","ActinobacteriaPH","Actinomycetales","Streptomycetaceae","Streptomyces","_","Bac58","Actinobacteria","Actinobacteria","Root","Control",2,9,"Bac-Bac","Drought period","Control","Control"
"3072","Bac61",0,3.07011144078156,"Module hub","Bac61","Prokaryote","Bacteria","Actinobacteria","ActinobacteriaPH","Actinomycetales","Nocardioidaceae","NocardioidaceaeFA","_","Bac61","Actinobacteria","Actinobacteria","Root","Control",2,9,"Bac-Bac","Drought period","Control","Control"
"3078","Bac76",0,3.4729446756308,"Module hub","Bac76","Prokaryote","Bacteria","Actinobacteria","ActinobacteriaPH","Actinomycetales","Streptomycetaceae","Streptomyces","_","Bac76","Actinobacteria","Actinobacteria","Root","Control",2,9,"Bac-Bac","Drought period","Control","Control"
"3090","Bac92",0.666666666666667,-0.494032181755571,"Connector","Bac92","Prokaryote","Bacteria","Proteobacteria","Gammaproteobacteria","Xanthomonadales","Sinobacteraceae","SinobacteraceaeFA","_","Bac92","Non-Actinobacteria","Non-Actinobacteria","Root","Control",2,9,"Bac-Bac","Drought period","Control","Control"
"3117","Bac128",0,2.71763236028848,"Module hub","Bac128","Prokaryote","Bacteria","Actinobacteria","ActinobacteriaPH","Actinomycetales","Intrasporangiaceae","IntrasporangiaceaeFA","_","Bac128","Actinobacteria","Actinobacteria","Root","Control",2,9,"Bac-Bac","Drought period","Control","Control"
"3145","Bac153",0.625,0.123508045438893,"Connector","Bac153","Prokaryote","Bacteria","Proteobacteria","Alphaproteobacteria","Rhizobiales","Hyphomicrobiaceae","Rhodoplanes","_","Bac153","Non-Actinobacteria","Non-Actinobacteria","Root","Control",2,9,"Bac-Bac","Drought period","Control","Control"
"3186","Bac211",1.11022302462516e-16,2.56656989722001,"Module hub","Bac211","Prokaryote","Bacteria","Actinobacteria","ActinobacteriaPH","Rubrobacterales","Rubrobacteraceae","RubrobacteraceaeFA","_","Bac211","Actinobacteria","Actinobacteria","Root","Control",2,9,"Bac-Bac","Drought period","Control","Control"
"3298","Bac394",0,3.17081974949387,"Module hub","Bac394","Prokaryote","Bacteria","Firmicutes","Bacilli","Bacillales","Thermoactinomycetaceae","Shimazuella","_","Bac394","Non-Actinobacteria","Non-Actinobacteria","Root","Control",2,9,"Bac-Bac","Drought period","Control","Control"
"3634","Bac27",0,2.58853711712496,"Module hub","Bac27","Prokaryote","Bacteria","Actinobacteria","ActinobacteriaPH","Actinomycetales","Glycomycetaceae","Glycomyces","_","Bac27","Actinobacteria","Actinobacteria","Root","Control",8,18,"Bac-Bac","Rewetting period","Control","Control"
"3654","Bac81",0,2.51118403629898,"Module hub","Bac81","Prokaryote","Bacteria","Bacteroidetes","Sphingobacteria","Sphingobacteriales","Flexibacteraceae","_","_","Bac81","Non-Actinobacteria","Non-Actinobacteria","Root","Control",8,18,"Bac-Bac","Rewetting period","Control","Control"
"3734","Bac488",0.0253122945430637,2.54625881604406,"Module hub","Bac488","Prokaryote","Bacteria","Bacteroidetes","Sphingobacteria","Sphingobacteriales","Flexibacteraceae","Cytophaga","_","Bac488","Non-Actinobacteria","Non-Actinobacteria","Root","Control",8,18,"Bac-Bac","Rewetting period","Control","Control"
"3747","Bac532",0.0246875,2.63869725491035,"Module hub","Bac532","Prokaryote","Bacteria","Bacteroidetes","Sphingobacteria","Sphingobacteriales","Sphingobacteriaceae","SphingobacteriaceaeFA","_","Bac532","Non-Actinobacteria","Non-Actinobacteria","Root","Control",8,18,"Bac-Bac","Rewetting period","Control","Control"
"3788","Bac703",0.0240928019036287,2.73113569377663,"Module hub","Bac703","Prokaryote","Bacteria","Verrucomicrobia","Spartobacteria","Spartobacteriales","Spartobacteriaceae","SpartobacteriaceaeFA","_","Bac703","Non-Actinobacteria","Non-Actinobacteria","Root","Control",8,18,"Bac-Bac","Rewetting period","Control","Control"
"3790","Bac714",0,2.63869725491035,"Module hub","Bac714","Prokaryote","Bacteria","Proteobacteria","Gammaproteobacteria","_","_","_","_","Bac714","Non-Actinobacteria","Non-Actinobacteria","Root","Control",8,18,"Bac-Bac","Rewetting period","Control","Control"
"3842","Bac1276",0.0235260770975056,2.82357413264292,"Module hub","Bac1276","Prokaryote","Bacteria","Proteobacteria","Alphaproteobacteria","AlphaproteobacteriaCL","AlphaproteobacteriaCL","AlphaproteobacteriaCL","_","Bac1276","Non-Actinobacteria","Non-Actinobacteria","Root","Control",8,18,"Bac-Bac","Rewetting period","Control","Control"
"3854","Bac1460",0.0217365052529888,3.14710866867492,"Module hub","Bac1460","Prokaryote","Bacteria","Proteobacteria","Alphaproteobacteria","AlphaproteobacteriaCL","AlphaproteobacteriaCL","AlphaproteobacteriaCL","_","Bac1460","Non-Actinobacteria","Non-Actinobacteria","Root","Control",8,18,"Bac-Bac","Rewetting period","Control","Control"
"4059","Bac20",0.0713305898491085,3.25019487307529,"Module hub","Bac20","Prokaryote","Bacteria","Bacteroidetes","Sphingobacteria","Sphingobacteriales","SphingobacterialesOR","SphingobacterialesOR","_","Bac20","Non-Actinobacteria","Non-Actinobacteria","Root","Pre_flowering_drought",8,18,"Bac-Bac","Rewetting period","Drought","Rewetting"
"4191","Bac312",0,2.51777425855926,"Module hub","Bac312","Prokaryote","Bacteria","Proteobacteria","Betaproteobacteria","Burkholderiales","Oxalobacteraceae","Massilia","_","Bac312","Non-Actinobacteria","Non-Actinobacteria","Root","Pre_flowering_drought",8,18,"Bac-Bac","Rewetting period","Drought","Rewetting"
"4546","Bac7",0,3.29652687409601,"Module hub","Bac7","Prokaryote","Bacteria","Firmicutes","Bacilli","Bacillales","Bacillaceae","Bacillus","_","Bac7","Non-Actinobacteria","Non-Actinobacteria","Soil","Control",2,9,"Bac-Bac","Drought period","Control","Control"
"4547","Bac12",0,2.75660922931164,"Module hub","Bac12","Prokaryote","Bacteria","Actinobacteria","ActinobacteriaPH","Actinomycetales","Micrococcaceae","Arthrobacter","_","Bac12","Actinobacteria","Actinobacteria","Soil","Control",2,9,"Bac-Bac","Drought period","Control","Control"
"4556","Bac17",0,2.9365817775731,"Module hub","Bac17","Prokaryote","Bacteria","Firmicutes","Bacilli","Bacillales","Bacillaceae","Bacillus","_","Bac17","Non-Actinobacteria","Non-Actinobacteria","Soil","Control",2,9,"Bac-Bac","Drought period","Control","Control"
"4565","Bac51",0,4.30706025435527,"Module hub","Bac51","Prokaryote","Bacteria","Acidobacteria","Chloracidobacteria","ChloracidobacteriaCL","ChloracidobacteriaCL","ChloracidobacteriaCL","_","Bac51","Non-Actinobacteria","Non-Actinobacteria","Soil","Control",2,9,"Bac-Bac","Drought period","Control","Control"
"4571","Bac59",1.11022302462516e-16,2.76512554057593,"Module hub","Bac59","Prokaryote","Bacteria","Acidobacteria","Chloracidobacteria","ChloracidobacteriaCL","ChloracidobacteriaCL","ChloracidobacteriaCL","_","Bac59","Non-Actinobacteria","Non-Actinobacteria","Soil","Control",2,9,"Bac-Bac","Drought period","Control","Control"
"4578","Bac70",0.0644444444444444,3.04547730671763,"Module hub","Bac70","Prokaryote","Bacteria","Acidobacteria","Chloracidobacteria","ChloracidobacteriaCL","ChloracidobacteriaCL","ChloracidobacteriaCL","_","Bac70","Non-Actinobacteria","Non-Actinobacteria","Soil","Control",2,9,"Bac-Bac","Drought period","Control","Control"
"4638","Bac250",0,2.61063824604006,"Module hub","Bac250","Prokaryote","Bacteria","Proteobacteria","Alphaproteobacteria","AlphaproteobacteriaCL","AlphaproteobacteriaCL","AlphaproteobacteriaCL","_","Bac250","Non-Actinobacteria","Non-Actinobacteria","Soil","Control",2,9,"Bac-Bac","Drought period","Control","Control"
"4655","Bac301",1.11022302462516e-16,3.04547730671763,"Module hub","Bac301","Prokaryote","Bacteria","Verrucomicrobia","Verrucomicrobiae","Verrucomicrobiales","VerrucomicrobialesOR","VerrucomicrobialesOR","_","Bac301","Non-Actinobacteria","Non-Actinobacteria","Soil","Control",2,9,"Bac-Bac","Drought period","Control","Control"
"4656","Bac257",1.11022302462516e-16,3.22533146186667,"Module hub","Bac257","Prokaryote","Bacteria","Proteobacteria","Alphaproteobacteria","Rhodobacterales","Hyphomonadaceae","HyphomonadaceaeFA","_","Bac257","Non-Actinobacteria","Non-Actinobacteria","Soil","Control",2,9,"Bac-Bac","Drought period","Control","Control"
"4699","Bac515",0.0540123456790124,3.88653260514272,"Module hub","Bac515","Prokaryote","Bacteria","Verrucomicrobia","Spartobacteria","Spartobacteriales","Spartobacteriaceae","Chthoniobacter","_","Bac515","Non-Actinobacteria","Non-Actinobacteria","Soil","Control",2,9,"Bac-Bac","Drought period","Control","Control"
"4702","Bac442",0,2.61063824604006,"Module hub","Bac442","Prokaryote","Bacteria","Acidobacteria","AcidobacteriaPH","AcidobacteriaPH","Koribacteraceae","KoribacteraceaeFA","_","Bac442","Non-Actinobacteria","Non-Actinobacteria","Soil","Control",2,9,"Bac-Bac","Drought period","Control","Control"
"5184","Bac12",0,3.28759452368544,"Module hub","Bac12","Prokaryote","Bacteria","Actinobacteria","ActinobacteriaPH","Actinomycetales","Micrococcaceae","Arthrobacter","_","Bac12","Actinobacteria","Actinobacteria","Soil","Control",8,18,"Bac-Bac","Rewetting period","Control","Control"
"5185","Bac17",0,2.83022944532149,"Module hub","Bac17","Prokaryote","Bacteria","Firmicutes","Bacilli","Bacillales","Bacillaceae","Bacillus","_","Bac17","Non-Actinobacteria","Non-Actinobacteria","Soil","Control",8,18,"Bac-Bac","Rewetting period","Control","Control"
"5187","Bac29",0,3.51627706286741,"Module hub","Bac29","Prokaryote","Bacteria","Proteobacteria","Alphaproteobacteria","Rhizobiales","Bradyrhizobiaceae","Balneimonas","_","Bac29","Non-Actinobacteria","Non-Actinobacteria","Soil","Control",8,18,"Bac-Bac","Rewetting period","Control","Control"
"5188","Bac34",0,3.17325325409445,"Module hub","Bac34","Prokaryote","Bacteria","Proteobacteria","Alphaproteobacteria","Rhodospirillales","Rhodospirillaceae","Skermanella","_","Bac34","Non-Actinobacteria","Non-Actinobacteria","Soil","Control",8,18,"Bac-Bac","Rewetting period","Control","Control"
"5198","Bac64",0,2.68328157299975,"Module hub","Bac64","Prokaryote","Bacteria","Acidobacteria","Solibacteres","Solibacterales","Solibacteraceae","SolibacteraceaeFA","_","Bac64","Non-Actinobacteria","Non-Actinobacteria","Soil","Control",8,18,"Bac-Bac","Rewetting period","Control","Control"
"5210","Bac89",0.408163265306122,3.83997010019224,"Module hub","Bac89","Prokaryote","Bacteria","Verrucomicrobia","Verrucomicrobiae","Verrucomicrobiales","VerrucomicrobialesOR","VerrucomicrobialesOR","_","Bac89","Non-Actinobacteria","Non-Actinobacteria","Soil","Control",8,18,"Bac-Bac","Rewetting period","Control","Control"
"5222","Bac137",0.666666666666667,-0.514592976919117,"Connector","Bac137","Prokaryote","Bacteria","Bacteroidetes","Sphingobacteria","Sphingobacteriales","SphingobacterialesOR","SphingobacterialesOR","_","Bac137","Non-Actinobacteria","Non-Actinobacteria","Soil","Control",8,18,"Bac-Bac","Rewetting period","Control","Control"
"5288","Bac426",0.165289256198347,3.65630250971755,"Module hub","Bac426","Prokaryote","Bacteria","Acidobacteria","Chloracidobacteria","ChloracidobacteriaCL","ChloracidobacteriaCL","ChloracidobacteriaCL","_","Bac426","Non-Actinobacteria","Non-Actinobacteria","Soil","Control",8,18,"Bac-Bac","Rewetting period","Control","Control"
"5296","Bac376",0.158790170132325,4.32311704047154,"Module hub","Bac376","Prokaryote","Bacteria","Chlorobi","SM1B09","SM1B09CL","SM1B09CL","SM1B09CL","_","Bac376","Non-Actinobacteria","Non-Actinobacteria","Soil","Control",8,18,"Bac-Bac","Rewetting period","Control","Control"
"5297","Bac419",0,3.05003545694768,"Module hub","Bac419","Prokaryote","Bacteria","Proteobacteria","Alphaproteobacteria","Rickettsiales","Rickettsiaceae","RickettsiaceaeFA","_","Bac419","Non-Actinobacteria","Non-Actinobacteria","Soil","Control",8,18,"Bac-Bac","Rewetting period","Control","Control"
"5309","Bac442",0,3.18664540462778,"Module hub","Bac442","Prokaryote","Bacteria","Acidobacteria","AcidobacteriaPH","AcidobacteriaPH","Koribacteraceae","KoribacteraceaeFA","_","Bac442","Non-Actinobacteria","Non-Actinobacteria","Soil","Control",8,18,"Bac-Bac","Rewetting period","Control","Control"
"5315","Bac512",0.0831758034026465,4.57773335717631,"Module hub","Bac512","Prokaryote","Bacteria","Bacteroidetes","BacteroidetesPH","BacteroidetesPH","BacteroidetesPH","BacteroidetesPH","_","Bac512","Non-Actinobacteria","Non-Actinobacteria","Soil","Control",8,18,"Bac-Bac","Rewetting period","Control","Control"
"5325","Bac701",0.2112,4.12595961480732,"Module hub","Bac701","Prokaryote","Bacteria","Acidobacteria","RB25","RB25CL","RB25CL","RB25CL","_","Bac701","Non-Actinobacteria","Non-Actinobacteria","Soil","Control",8,18,"Bac-Bac","Rewetting period","Control","Control"
"5587","Bac589",0.666666666666667,-0.603423872887352,"Connector","Bac589","Prokaryote","Bacteria","Verrucomicrobia","Verrucomicrobiae","Verrucomicrobiales","VerrucomicrobialesOR","VerrucomicrobialesOR","_","Bac589","Non-Actinobacteria","Non-Actinobacteria","Soil","Control",8,18,"Bac-Bac","Rewetting period","Control","Control"
"5817","Bac177",0.152777777777778,2.8750782417141,"Module hub","Bac177","Prokaryote","Bacteria","Proteobacteria","Alphaproteobacteria","Rhizobiales","Bradyrhizobiaceae","Balneimonas","_","Bac177","Non-Actinobacteria","Non-Actinobacteria","Soil","Pre_flowering_drought",2,9,"Bac-Bac","Drought period","Drought","Drought"
"5966","Bac20",0,2.56127778179175,"Module hub","Bac20","Prokaryote","Bacteria","Bacteroidetes","Sphingobacteria","Sphingobacteriales","SphingobacterialesOR","SphingobacterialesOR","_","Bac20","Non-Actinobacteria","Non-Actinobacteria","Soil","Pre_flowering_drought",8,18,"Bac-Bac","Rewetting period","Drought","Rewetting"
"5969","Bac22",0.0665873959571939,2.83107037987378,"Module hub","Bac22","Prokaryote","Bacteria","Proteobacteria","Betaproteobacteria","Burkholderiales","BurkholderialesOR","BurkholderialesOR","_","Bac22","Non-Actinobacteria","Non-Actinobacteria","Soil","Pre_flowering_drought",8,18,"Bac-Bac","Rewetting period","Drought","Rewetting"
"5970","Bac29",0,3.29962664753914,"Module hub","Bac29","Prokaryote","Bacteria","Proteobacteria","Alphaproteobacteria","Rhizobiales","Bradyrhizobiaceae","Balneimonas","_","Bac29","Non-Actinobacteria","Non-Actinobacteria","Soil","Pre_flowering_drought",8,18,"Bac-Bac","Rewetting period","Drought","Rewetting"
"5971","Bac34",0,2.62261792023964,"Module hub","Bac34","Prokaryote","Bacteria","Proteobacteria","Alphaproteobacteria","Rhodospirillales","Rhodospirillaceae","Skermanella","_","Bac34","Non-Actinobacteria","Non-Actinobacteria","Soil","Pre_flowering_drought",8,18,"Bac-Bac","Rewetting period","Drought","Rewetting"
"5974","Bac35",0,3.29962664753914,"Module hub","Bac35","Prokaryote","Bacteria","Actinobacteria","ActinobacteriaPH","Actinomycetales","Nocardioidaceae","NocardioidaceaeFA","_","Bac35","Actinobacteria","Actinobacteria","Soil","Pre_flowering_drought",8,18,"Bac-Bac","Rewetting period","Drought","Rewetting"
"5982","Bac59",0,2.79690034058268,"Module hub","Bac59","Prokaryote","Bacteria","Acidobacteria","Chloracidobacteria","ChloracidobacteriaCL","ChloracidobacteriaCL","ChloracidobacteriaCL","_","Bac59","Non-Actinobacteria","Non-Actinobacteria","Soil","Pre_flowering_drought",8,18,"Bac-Bac","Rewetting period","Drought","Rewetting"
"5985","Bac61",0,3.18679185965589,"Module hub","Bac61","Prokaryote","Bacteria","Actinobacteria","ActinobacteriaPH","Actinomycetales","Nocardioidaceae","NocardioidaceaeFA","_","Bac61","Actinobacteria","Actinobacteria","Soil","Pre_flowering_drought",8,18,"Bac-Bac","Rewetting period","Drought","Rewetting"
"5990","Bac68",0,3.9102407722019,"Module hub","Bac68","Prokaryote","Bacteria","Bacteroidetes","Sphingobacteria","Sphingobacteriales","Flexibacteraceae","Cytophaga","_","Bac68","Non-Actinobacteria","Non-Actinobacteria","Soil","Pre_flowering_drought",8,18,"Bac-Bac","Rewetting period","Drought","Rewetting"
"5996","Bac86",0,3.59128623613279,"Module hub","Bac86","Prokaryote","Bacteria","Bacteroidetes","Sphingobacteria","Sphingobacteriales","SphingobacterialesOR","SphingobacterialesOR","_","Bac86","Non-Actinobacteria","Non-Actinobacteria","Soil","Pre_flowering_drought",8,18,"Bac-Bac","Rewetting period","Drought","Rewetting"
"6032","Bac113",0.661157024793388,0.413742653932349,"Connector","Bac113","Prokaryote","Bacteria","Proteobacteria","Betaproteobacteria","Rhodocyclales","RhodocyclalesOR","RhodocyclalesOR","_","Bac113","Non-Actinobacteria","Non-Actinobacteria","Soil","Pre_flowering_drought",8,18,"Bac-Bac","Rewetting period","Drought","Rewetting"
"6036","Bac148",0,2.56127778179175,"Module hub","Bac148","Prokaryote","Bacteria","Bacteroidetes","Sphingobacteria","Sphingobacteriales","Flexibacteraceae","Cytophaga","_","Bac148","Non-Actinobacteria","Non-Actinobacteria","Soil","Pre_flowering_drought",8,18,"Bac-Bac","Rewetting period","Drought","Rewetting"
"6056","Bac257",0,2.76731433695459,"Module hub","Bac257","Prokaryote","Bacteria","Proteobacteria","Alphaproteobacteria","Rhodobacterales","Hyphomonadaceae","HyphomonadaceaeFA","_","Bac257","Non-Actinobacteria","Non-Actinobacteria","Soil","Pre_flowering_drought",8,18,"Bac-Bac","Rewetting period","Drought","Rewetting"
"6074","Bac277",0,3.20243702007312,"Module hub","Bac277","Prokaryote","Bacteria","Proteobacteria","Betaproteobacteria","Rhodocyclales","RhodocyclalesOR","RhodocyclalesOR","_","Bac277","Non-Actinobacteria","Non-Actinobacteria","Soil","Pre_flowering_drought",8,18,"Bac-Bac","Rewetting period","Drought","Rewetting"
"6087","Bac376",0.684444444444444,-0.278544444875119,"Connector","Bac376","Prokaryote","Bacteria","Chlorobi","SM1B09","SM1B09CL","SM1B09CL","SM1B09CL","_","Bac376","Non-Actinobacteria","Non-Actinobacteria","Soil","Pre_flowering_drought",8,18,"Bac-Bac","Rewetting period","Drought","Rewetting"
"6144","Bac521",0.060546875,3.23575927699682,"Module hub","Bac521","Prokaryote","Bacteria","Bacteroidetes","Sphingobacteria","Sphingobacteriales","SphingobacterialesOR","SphingobacterialesOR","_","Bac521","Non-Actinobacteria","Non-Actinobacteria","Soil","Pre_flowering_drought",8,18,"Bac-Bac","Rewetting period","Drought","Rewetting"
"6188","Bac885",0.144641683103222,2.87609500773422,"Module hub","Bac885","Prokaryote","Bacteria","Proteobacteria","Deltaproteobacteria","Syntrophobacterales","Syntrophobacteraceae","SyntrophobacteraceaeFA","_","Bac885","Non-Actinobacteria","Non-Actinobacteria","Soil","Pre_flowering_drought",8,18,"Bac-Bac","Rewetting period","Drought","Rewetting"
"6212","Bac975",0.653061224489796,1.15470053837925,"Connector","Bac975","Prokaryote","Bacteria","Bacteroidetes","Sphingobacteria","Sphingobacteriales","SphingobacterialesOR","SphingobacterialesOR","_","Bac975","Non-Actinobacteria","Non-Actinobacteria","Soil","Pre_flowering_drought",8,18,"Bac-Bac","Rewetting period","Drought","Rewetting"
"6232","Bac1287",0,2.54975299539532,"Module hub","Bac1287","Prokaryote","Bacteria","Acidobacteria","AcidobacteriaPH","AcidobacteriaPH","AcidobacteriaPH","AcidobacteriaPH","_","Bac1287","Non-Actinobacteria","Non-Actinobacteria","Soil","Pre_flowering_drought",8,18,"Bac-Bac","Rewetting period","Drought","Rewetting"
"6293","Bac589",0.666666666666667,NA,NA,"Bac589","Prokaryote","Bacteria","Verrucomicrobia","Verrucomicrobiae","Verrucomicrobiales","VerrucomicrobialesOR","VerrucomicrobialesOR","_","Bac589","Non-Actinobacteria","Non-Actinobacteria","Soil","Pre_flowering_drought",8,18,"Bac-Bac","Rewetting period","Drought","Rewetting"
"6303","Bac2146",0.0525931336742147,3.9102407722019,"Module hub","Bac2146","Prokaryote","Bacteria","Proteobacteria","Alphaproteobacteria","Rhodospirillales","Acetobacteraceae","_","_","Bac2146","Non-Actinobacteria","Non-Actinobacteria","Soil","Pre_flowering_drought",8,18,"Bac-Bac","Rewetting period","Drought","Rewetting"
"6330","Bac1845",0,2.83623785004061,"Module hub","Bac1845","Prokaryote","Bacteria","Actinobacteria","ActinobacteriaPH","koll13","koll13OR","koll13OR","_","Bac1845","Actinobacteria","Actinobacteria","Soil","Pre_flowering_drought",8,18,"Bac-Bac","Rewetting period","Drought","Rewetting"
"6501","Bac1656",0.64,1.15470053837925,"Connector","Bac1656","Prokaryote","Bacteria","Verrucomicrobia","Verrucomicrobiae","Verrucomicrobiales","VerrucomicrobialesOR","VerrucomicrobialesOR","_","Bac1656","Non-Actinobacteria","Non-Actinobacteria","Soil","Pre_flowering_drought",8,18,"Bac-Bac","Rewetting period","Drought","Rewetting"
"6507","Bac1828",0.64,0.58554004376912,"Connector","Bac1828","Prokaryote","Bacteria","Bacteroidetes","Sphingobacteria","Sphingobacteriales","SphingobacterialesOR","SphingobacterialesOR","_","Bac1828","Non-Actinobacteria","Non-Actinobacteria","Soil","Pre_flowering_drought",8,18,"Bac-Bac","Rewetting period","Drought","Rewetting"
"6510","Bac1859",0.625,-0.777836189392816,"Connector","Bac1859","Prokaryote","Bacteria","Elusimicrobia","ElusimicrobiaPH","ElusimicrobiaPH","ElusimicrobiaPH","ElusimicrobiaPH","_","Bac1859","Non-Actinobacteria","Non-Actinobacteria","Soil","Pre_flowering_drought",8,18,"Bac-Bac","Rewetting period","Drought","Rewetting"
