"","...1","Pi","Zi","group","otu.name","Kingdom","Kingdom1","Phylum","Class","Order","Family","Genus","Funguild","OTU.ID","Morph","Morph1","Habitat","Treatment","tpA","tpB","network","Treatment1","Treatment2","Kingdom2","Treatment3"
"15878","OTU1Cladosporium",0,2.77379229996326,"Module hub","OTU1Cladosporium","Eukaryote","Fungi","Ascomycota","Dothideomycetes","Capnodiales","Davidiellaceae","Cladosporium","Saprotroph","OTU1Cladosporium","Non-Yeast","Saprotroph","Leaf","Control",8,18,"interBF","Rewetting period","Control","Fungi","Control"
"15881","OTU14Symmetrospora",0.24,2.77379229996326,"Module hub","OTU14Symmetrospora","Eukaryote","Fungi","Basidiomycota","Cystobasidiomycetes","_","Symmetrosporaceae","Symmetrospora","SaprotrophYeast","OTU14Symmetrospora","Yeast","SaprotrophYeast","Leaf","Control",8,18,"interBF","Rewetting period","Control","Fungi","Control"
"15898","Bac104",0.628099173553719,-0.101343469113886,"Connector","Bac104","Prokaryote","Bacteria","Actinobacteria","ActinobacteriaPH","Actinomycetales","Microbacteriaceae","MicrobacteriaceaeFA","_","Bac104","Actinobacteria","Actinobacteria","Leaf","Pre_flowering_drought",8,18,"interBF","Rewetting period","Drought","Bacteria","Rewetting"
"15900","Bac351",0.641975308641975,-0.337811563712954,"Connector","Bac351","Prokaryote","Bacteria","Actinobacteria","ActinobacteriaPH","Actinomycetales","Microbacteriaceae","Agromyces","_","Bac351","Actinobacteria","Actinobacteria","Leaf","Pre_flowering_drought",8,18,"interBF","Rewetting period","Drought","Bacteria","Rewetting"
"15901","Bac467",0.625,-0.101343469113886,"Connector","Bac467","Prokaryote","Bacteria","Proteobacteria","Alphaproteobacteria","Sphingomonadales","Sphingomonadaceae","Sphingomonas","_","Bac467","Non-Actinobacteria","Non-Actinobacteria","Leaf","Pre_flowering_drought",8,18,"interBF","Rewetting period","Drought","Bacteria","Rewetting"
"15903","Bac663",0.625,-0.101343469113886,"Connector","Bac663","Prokaryote","Bacteria","Bacteroidetes","Sphingobacteria","Sphingobacteriales","Flexibacteraceae","Hymenobacter","_","Bac663","Non-Actinobacteria","Non-Actinobacteria","Leaf","Pre_flowering_drought",8,18,"interBF","Rewetting period","Drought","Bacteria","Rewetting"
"15906","Bac53",0.666666666666667,-0.278919491499648,"Connector","Bac53","Prokaryote","Bacteria","Proteobacteria","Betaproteobacteria","Burkholderiales","Comamonadaceae","Variovorax","_","Bac53","Non-Actinobacteria","Non-Actinobacteria","Leaf","Pre_flowering_drought",8,18,"interBF","Rewetting period","Drought","Bacteria","Rewetting"
"15907","Bac110",0.65625,-0.337811563712954,"Connector","Bac110","Prokaryote","Bacteria","Bacteroidetes","Sphingobacteria","Sphingobacteriales","Flexibacteraceae","Hymenobacter","_","Bac110","Non-Actinobacteria","Non-Actinobacteria","Leaf","Pre_flowering_drought",8,18,"interBF","Rewetting period","Drought","Bacteria","Rewetting"
"15910","Bac321",0.625,-0.255431200207053,"Connector","Bac321","Prokaryote","Bacteria","Actinobacteria","ActinobacteriaPH","Actinomycetales","Micrococcaceae","Arthrobacter","_","Bac321","Actinobacteria","Actinobacteria","Leaf","Pre_flowering_drought",8,18,"interBF","Rewetting period","Drought","Bacteria","Rewetting"
"15916","Bac784",0.65625,-0.278919491499648,"Connector","Bac784","Prokaryote","Bacteria","Bacteroidetes","Sphingobacteria","Sphingobacteriales","Flexibacteraceae","Hymenobacter","_","Bac784","Non-Actinobacteria","Non-Actinobacteria","Leaf","Pre_flowering_drought",8,18,"interBF","Rewetting period","Drought","Bacteria","Rewetting"
"15918","Bac890",0.625,-0.650188509617953,"Connector","Bac890","Prokaryote","Bacteria","Firmicutes","Bacilli","Bacillales","Paenibacillaceae","Paenibacillus","_","Bac890","Non-Actinobacteria","Non-Actinobacteria","Leaf","Pre_flowering_drought",8,18,"interBF","Rewetting period","Drought","Bacteria","Rewetting"
"15920","Bac952",0.666666666666667,-0.278919491499648,"Connector","Bac952","Prokaryote","Bacteria","Actinobacteria","ActinobacteriaPH","Actinomycetales","Kineosporiaceae","Kineococcus","_","Bac952","Actinobacteria","Actinobacteria","Leaf","Pre_flowering_drought",8,18,"interBF","Rewetting period","Drought","Bacteria","Rewetting"
"15921","Bac1312",0.64,-0.278919491499648,"Connector","Bac1312","Prokaryote","Bacteria","Bacteroidetes","Sphingobacteria","Sphingobacteriales","Flexibacteraceae","Hymenobacter","_","Bac1312","Non-Actinobacteria","Non-Actinobacteria","Leaf","Pre_flowering_drought",8,18,"interBF","Rewetting period","Drought","Bacteria","Rewetting"
"15922","Bac1382",0.625,-0.101343469113886,"Connector","Bac1382","Prokaryote","Bacteria","_","_","_","_","_","_","Bac1382","Non-Actinobacteria","Non-Actinobacteria","Leaf","Pre_flowering_drought",8,18,"interBF","Rewetting period","Drought","Bacteria","Rewetting"
"15923","Bac1421",0.65625,-0.278919491499648,"Connector","Bac1421","Prokaryote","Bacteria","Thermi","Deinococci","Deinococcales","Deinococcaceae","Deinococcus","_","Bac1421","Non-Actinobacteria","Non-Actinobacteria","Leaf","Pre_flowering_drought",8,18,"interBF","Rewetting period","Drought","Bacteria","Rewetting"
"15924","Bac1465",0.625,-0.255431200207053,"Connector","Bac1465","Prokaryote","Bacteria","Bacteroidetes","Sphingobacteria","Sphingobacteriales","Flexibacteraceae","Dyadobacter","_","Bac1465","Non-Actinobacteria","Non-Actinobacteria","Leaf","Pre_flowering_drought",8,18,"interBF","Rewetting period","Drought","Bacteria","Rewetting"
"15928","Bac1969",0.64,-0.574279658312021,"Connector","Bac1969","Prokaryote","Bacteria","Bacteroidetes","Sphingobacteria","Sphingobacteriales","Flexibacteraceae","Hymenobacter","_","Bac1969","Non-Actinobacteria","Non-Actinobacteria","Leaf","Pre_flowering_drought",8,18,"interBF","Rewetting period","Drought","Bacteria","Rewetting"
"15975","OTU4Alternaria",0.635734072022161,3.20920985527306,"Network hub","OTU4Alternaria","Eukaryote","Fungi","Ascomycota","Dothideomycetes","Pleosporales","Pleosporaceae","Alternaria","Plant pathogen","OTU4Alternaria","Non-Yeast","Plant pathogen","Leaf","Pre_flowering_drought",8,18,"interBF","Rewetting period","Drought","Fungi","Rewetting"
"15977","OTU15Ustilago",0,2.71108834234519,"Module hub","OTU15Ustilago","Eukaryote","Fungi","Basidiomycota","Ustilaginomycetes","Ustilaginales","Ustilaginaceae","Ustilago","Plant pathogenYeast","OTU15Ustilago","Yeast","Plant pathogenYeast","Leaf","Pre_flowering_drought",8,18,"interBF","Rewetting period","Drought","Fungi","Rewetting"
"15980","OTU14Symmetrospora",0.660590277777778,2.73341101669655,"Network hub","OTU14Symmetrospora","Eukaryote","Fungi","Basidiomycota","Cystobasidiomycetes","_","Symmetrosporaceae","Symmetrospora","SaprotrophYeast","OTU14Symmetrospora","Yeast","SaprotrophYeast","Leaf","Pre_flowering_drought",8,18,"interBF","Rewetting period","Drought","Fungi","Rewetting"
"15981","OTU24Cryptococcus",0.52794292508918,2.50786996566925,"Module hub","OTU24Cryptococcus","Eukaryote","Fungi","Basidiomycota","Tremellomycetes","Tremellales","_","Cryptococcus","SaprotrophYeast","OTU24Cryptococcus","Yeast","SaprotrophYeast","Leaf","Pre_flowering_drought",8,18,"interBF","Rewetting period","Drought","Fungi","Rewetting"
"15983","OTU61Cryptococcus",0.288194444444445,2.90262727508015,"Module hub","OTU61Cryptococcus","Eukaryote","Fungi","Basidiomycota","Tremellomycetes","Tremellales","_","Papiliotrema","SaprotrophYeast","OTU61Cryptococcus","Yeast","SaprotrophYeast","Leaf","Pre_flowering_drought",8,18,"interBF","Rewetting period","Drought","Fungi","Rewetting"
"15985","OTU69Tremellomycetes",0.626953125,1.9157340015529,"Connector","OTU69Tremellomycetes","Eukaryote","Fungi","Basidiomycota","Tremellomycetes","Tremellales","_","Naganishia","SaprotrophYeast","OTU69Tremellomycetes","Yeast","SaprotrophYeast","Leaf","Pre_flowering_drought",8,18,"interBF","Rewetting period","Drought","Fungi","Rewetting"
"15994","OTU365Fungi",0.64572680788897,2.73341101669655,"Network hub","OTU365Fungi","Eukaryote","Fungi","unidentified","_","_","_","_","Unidentified & others","OTU365Fungi","Non-Yeast","Unidentified & others","Leaf","Pre_flowering_drought",8,18,"interBF","Rewetting period","Drought","Fungi","Rewetting"
"15998","Bac21",0.641975308641975,0.121423002694697,"Connector","Bac21","Prokaryote","Bacteria","Proteobacteria","Alphaproteobacteria","Rhizobiales","Hyphomicrobiaceae","Devosia","_","Bac21","Non-Actinobacteria","Non-Actinobacteria","Rhizosphere","Control",2,9,"interBF","Drought period","Control","Bacteria","Control"
"15999","Bac22",0.666666666666667,-0.148036263559289,"Connector","Bac22","Prokaryote","Bacteria","Proteobacteria","Betaproteobacteria","Burkholderiales","BurkholderialesOR","BurkholderialesOR","_","Bac22","Non-Actinobacteria","Non-Actinobacteria","Rhizosphere","Control",2,9,"interBF","Drought period","Control","Bacteria","Control"
"16000","Bac52",0.666666666666667,-0.148036263559289,"Connector","Bac52","Prokaryote","Bacteria","TM7","TM7PH","TM7PH","TM7PH","TM7PH","_","Bac52","Non-Actinobacteria","Non-Actinobacteria","Rhizosphere","Control",2,9,"interBF","Drought period","Control","Bacteria","Control"
"16002","Bac87",0.625,-0.282765896686282,"Connector","Bac87","Prokaryote","Bacteria","Proteobacteria","Deltaproteobacteria","Myxococcales","MyxococcalesOR","MyxococcalesOR","_","Bac87","Non-Actinobacteria","Non-Actinobacteria","Rhizosphere","Control",2,9,"interBF","Drought period","Control","Bacteria","Control"
"16004","Bac101",0.65625,-0.0133066304322959,"Connector","Bac101","Prokaryote","Bacteria","Proteobacteria","Alphaproteobacteria","Caulobacterales","Caulobacteraceae","Asticcacaulis","_","Bac101","Non-Actinobacteria","Non-Actinobacteria","Rhizosphere","Control",2,9,"interBF","Drought period","Control","Bacteria","Control"
"16015","Bac263",0.666666666666667,-0.227311385014374,"Connector","Bac263","Prokaryote","Bacteria","Bacteroidetes","Sphingobacteria","Sphingobacteriales","SphingobacterialesOR","Flavisolibacter","_","Bac263","Non-Actinobacteria","Non-Actinobacteria","Rhizosphere","Control",2,9,"interBF","Drought period","Control","Bacteria","Control"
"16016","Bac272",0.66,-0.414142062150997,"Connector","Bac272","Prokaryote","Bacteria","Proteobacteria","Deltaproteobacteria","Bdellovibrionales","Bdellovibrionaceae","BdellovibrionaceaeFA","_","Bac272","Non-Actinobacteria","Non-Actinobacteria","Rhizosphere","Control",2,9,"interBF","Drought period","Control","Bacteria","Control"
"16018","Bac294",0.765432098765432,-0.126543407879471,"Connector","Bac294","Prokaryote","Bacteria","Verrucomicrobia","Opitutae","Opitutales","Opitutaceae","OpitutaceaeFA","_","Bac294","Non-Actinobacteria","Non-Actinobacteria","Rhizosphere","Control",2,9,"interBF","Drought period","Control","Bacteria","Control"
"16019","Bac325",0.722222222222222,-0.304349325259123,"Connector","Bac325","Prokaryote","Bacteria","Proteobacteria","Alphaproteobacteria","AlphaproteobacteriaCL","AlphaproteobacteriaCL","AlphaproteobacteriaCL","_","Bac325","Non-Actinobacteria","Non-Actinobacteria","Rhizosphere","Control",2,9,"interBF","Drought period","Control","Bacteria","Control"
"16020","Bac331",0.6875,-0.0133066304322959,"Connector","Bac331","Prokaryote","Bacteria","Verrucomicrobia","Verrucomicrobiae","Verrucomicrobiales","Verrucomicrobiaceae","Luteolibacter","_","Bac331","Non-Actinobacteria","Non-Actinobacteria","Rhizosphere","Control",2,9,"interBF","Drought period","Control","Bacteria","Control"
"16023","Bac359",0.736111111111111,0.0160183855399538,"Connector","Bac359","Prokaryote","Bacteria","Proteobacteria","Deltaproteobacteria","Bdellovibrionales","Bdellovibrionaceae","BdellovibrionaceaeFA","_","Bac359","Non-Actinobacteria","Non-Actinobacteria","Rhizosphere","Control",2,9,"interBF","Drought period","Control","Bacteria","Control"
"16029","Bac578",0.666666666666667,-0.447213595499958,"Connector","Bac578","Prokaryote","Bacteria","Bacteroidetes","Sphingobacteria","Sphingobacteriales","Sphingobacteriaceae","SphingobacteriaceaeFA","_","Bac578","Non-Actinobacteria","Non-Actinobacteria","Rhizosphere","Control",2,9,"interBF","Drought period","Control","Bacteria","Control"
"16030","Bac608",0.72,-0.227311385014374,"Connector","Bac608","Prokaryote","Bacteria","Verrucomicrobia","Verrucomicrobiae","Verrucomicrobiales","VerrucomicrobialesOR","VerrucomicrobialesOR","_","Bac608","Non-Actinobacteria","Non-Actinobacteria","Rhizosphere","Control",2,9,"interBF","Drought period","Control","Bacteria","Control"
"16031","Bac610",0.693877551020408,-0.148036263559289,"Connector","Bac610","Prokaryote","Bacteria","Proteobacteria","Deltaproteobacteria","Bdellovibrionales","Bacteriovoracaceae","BacteriovoracaceaeFA","_","Bac610","Non-Actinobacteria","Non-Actinobacteria","Rhizosphere","Control",2,9,"interBF","Drought period","Control","Bacteria","Control"
"16033","Bac706",0.6875,-0.144165469859584,"Connector","Bac706","Prokaryote","Bacteria","Proteobacteria","Alphaproteobacteria","AlphaproteobacteriaCL","AlphaproteobacteriaCL","AlphaproteobacteriaCL","_","Bac706","Non-Actinobacteria","Non-Actinobacteria","Rhizosphere","Control",2,9,"interBF","Drought period","Control","Bacteria","Control"
"16037","Bac1094",0.625,0,"Connector","Bac1094","Prokaryote","Bacteria","Bacteroidetes","Flavobacteria","Flavobacteriales","Flavobacteriaceae","Flavobacterium","_","Bac1094","Non-Actinobacteria","Non-Actinobacteria","Rhizosphere","Control",2,9,"interBF","Drought period","Control","Bacteria","Control"
"16041","Bac1412",0.625,-0.353553390593274,"Connector","Bac1412","Prokaryote","Bacteria","Proteobacteria","Deltaproteobacteria","Bdellovibrionales","Bacteriovoracaceae","BacteriovoracaceaeFA","_","Bac1412","Non-Actinobacteria","Non-Actinobacteria","Rhizosphere","Control",2,9,"interBF","Drought period","Control","Bacteria","Control"
"16044","Bac24",0.760330578512397,-0.126543407879471,"Connector","Bac24","Prokaryote","Bacteria","Bacteroidetes","Sphingobacteria","Sphingobacteriales","SphingobacterialesOR","Chitinophaga","_","Bac24","Non-Actinobacteria","Non-Actinobacteria","Rhizosphere","Control",2,9,"interBF","Drought period","Control","Bacteria","Control"
"16045","Bac30",0.72,-0.414142062150997,"Connector","Bac30","Prokaryote","Bacteria","Proteobacteria","Gammaproteobacteria","Xanthomonadales","Sinobacteraceae","SinobacteraceaeFA","_","Bac30","Non-Actinobacteria","Non-Actinobacteria","Rhizosphere","Control",2,9,"interBF","Drought period","Control","Bacteria","Control"
"16047","Bac49",0.666666666666667,-0.227311385014374,"Connector","Bac49","Prokaryote","Bacteria","Bacteroidetes","Sphingobacteria","Sphingobacteriales","Flexibacteraceae","Cytophaga","_","Bac49","Non-Actinobacteria","Non-Actinobacteria","Rhizosphere","Control",2,9,"interBF","Drought period","Control","Bacteria","Control"
"16048","Bac82",0.666666666666667,-0.227311385014374,"Connector","Bac82","Prokaryote","Bacteria","Bacteroidetes","Sphingobacteria","Sphingobacteriales","Flexibacteraceae","Cytophaga","_","Bac82","Non-Actinobacteria","Non-Actinobacteria","Rhizosphere","Control",2,9,"interBF","Drought period","Control","Bacteria","Control"
"16052","Bac108",0.666666666666667,-0.227311385014374,"Connector","Bac108","Prokaryote","Bacteria","Bacteroidetes","Flavobacteria","Flavobacteriales","Cryomorphaceae","CryomorphaceaeFA","_","Bac108","Non-Actinobacteria","Non-Actinobacteria","Rhizosphere","Control",2,9,"interBF","Drought period","Control","Bacteria","Control"
"16053","Bac122",0.72,-0.304349325259123,"Connector","Bac122","Prokaryote","Bacteria","Bacteroidetes","Sphingobacteria","Sphingobacteriales","Flexibacteraceae","Cytophaga","_","Bac122","Non-Actinobacteria","Non-Actinobacteria","Rhizosphere","Control",2,9,"interBF","Drought period","Control","Bacteria","Control"
"16054","Bac161",0.65625,0.0160183855399538,"Connector","Bac161","Prokaryote","Bacteria","Bacteroidetes","Sphingobacteria","Sphingobacteriales","Flexibacteraceae","Dyadobacter","_","Bac161","Non-Actinobacteria","Non-Actinobacteria","Rhizosphere","Control",2,9,"interBF","Drought period","Control","Bacteria","Control"
"16058","Bac217",0.65625,-0.0133066304322959,"Connector","Bac217","Prokaryote","Bacteria","Proteobacteria","Gammaproteobacteria","Xanthomonadales","Xanthomonadaceae","XanthomonadaceaeFA","_","Bac217","Non-Actinobacteria","Non-Actinobacteria","Rhizosphere","Control",2,9,"interBF","Drought period","Control","Bacteria","Control"
"16059","Bac220",0.625,-0.0151540923342916,"Connector","Bac220","Prokaryote","Bacteria","Verrucomicrobia","Verrucomicrobiae","Verrucomicrobiales","VerrucomicrobialesOR","VerrucomicrobialesOR","_","Bac220","Non-Actinobacteria","Non-Actinobacteria","Rhizosphere","Control",2,9,"interBF","Drought period","Control","Bacteria","Control"
"16061","Bac314",0.625,-0.282765896686282,"Connector","Bac314","Prokaryote","Bacteria","Verrucomicrobia","Spartobacteria","Spartobacteriales","Spartobacteriaceae","Chthoniobacter","_","Bac314","Non-Actinobacteria","Non-Actinobacteria","Rhizosphere","Control",2,9,"interBF","Drought period","Control","Bacteria","Control"
"16062","Bac315",0.72,-0.447213595499958,"Connector","Bac315","Prokaryote","Bacteria","Verrucomicrobia","Verrucomicrobiae","Verrucomicrobiales","Verrucomicrobiaceae","VerrucomicrobiaceaeFA","_","Bac315","Non-Actinobacteria","Non-Actinobacteria","Rhizosphere","Control",2,9,"interBF","Drought period","Control","Bacteria","Control"
"16065","Bac387",0.8,-0.353553390593274,"Connector","Bac387","Prokaryote","Bacteria","Proteobacteria","Deltaproteobacteria","Myxococcales","MyxococcalesOR","MyxococcalesOR","_","Bac387","Non-Actinobacteria","Non-Actinobacteria","Rhizosphere","Control",2,9,"interBF","Drought period","Control","Bacteria","Control"
"16066","Bac418",0.666666666666667,-0.227311385014374,"Connector","Bac418","Prokaryote","Bacteria","Proteobacteria","Deltaproteobacteria","Bdellovibrionales","Bacteriovoracaceae","BacteriovoracaceaeFA","_","Bac418","Non-Actinobacteria","Non-Actinobacteria","Rhizosphere","Control",2,9,"interBF","Drought period","Control","Bacteria","Control"
"16067","Bac425",0.6875,0.0160183855399538,"Connector","Bac425","Prokaryote","Bacteria","Proteobacteria","Deltaproteobacteria","Bdellovibrionales","Bdellovibrionaceae","BdellovibrionaceaeFA","_","Bac425","Non-Actinobacteria","Non-Actinobacteria","Rhizosphere","Control",2,9,"interBF","Drought period","Control","Bacteria","Control"
"16068","Bac455",0.666666666666667,-0.227311385014374,"Connector","Bac455","Prokaryote","Bacteria","Acidobacteria","_","_","_","_","_","Bac455","Non-Actinobacteria","Non-Actinobacteria","Rhizosphere","Control",2,9,"interBF","Drought period","Control","Bacteria","Control"
"16071","Bac527",0.64,-0.304349325259123,"Connector","Bac527","Prokaryote","Bacteria","Bacteroidetes","Sphingobacteria","Sphingobacteriales","SphingobacterialesOR","SphingobacterialesOR","_","Bac527","Non-Actinobacteria","Non-Actinobacteria","Rhizosphere","Control",2,9,"interBF","Drought period","Control","Bacteria","Control"
"16075","Bac613",0.666666666666667,-0.227311385014374,"Connector","Bac613","Prokaryote","Bacteria","Proteobacteria","Deltaproteobacteria","MIZ46","MIZ46OR","MIZ46OR","_","Bac613","Non-Actinobacteria","Non-Actinobacteria","Rhizosphere","Control",2,9,"interBF","Drought period","Control","Bacteria","Control"
"16077","Bac726",0.666666666666667,-0.227311385014374,"Connector","Bac726","Prokaryote","Bacteria","Proteobacteria","Gammaproteobacteria","Xanthomonadales","Xanthomonadaceae","XanthomonadaceaeFA","_","Bac726","Non-Actinobacteria","Non-Actinobacteria","Rhizosphere","Control",2,9,"interBF","Drought period","Control","Bacteria","Control"
"16078","Bac780",0.625,-0.282765896686282,"Connector","Bac780","Prokaryote","Bacteria","Proteobacteria","Deltaproteobacteria","MIZ46","MIZ46OR","MIZ46OR","_","Bac780","Non-Actinobacteria","Non-Actinobacteria","Rhizosphere","Control",2,9,"interBF","Drought period","Control","Bacteria","Control"
"16079","Bac805",0.75,-0.227311385014374,"Connector","Bac805","Prokaryote","Bacteria","Bacteroidetes","Sphingobacteria","Sphingobacteriales","Sphingobacteriaceae","SphingobacteriaceaeFA","_","Bac805","Non-Actinobacteria","Non-Actinobacteria","Rhizosphere","Control",2,9,"interBF","Drought period","Control","Bacteria","Control"
"16080","Bac845",0.666666666666667,-0.126543407879471,"Connector","Bac845","Prokaryote","Bacteria","Bacteroidetes","Sphingobacteria","Sphingobacteriales","Flammeovirgaceae","Sporocytophaga","_","Bac845","Non-Actinobacteria","Non-Actinobacteria","Rhizosphere","Control",2,9,"interBF","Drought period","Control","Bacteria","Control"
"16084","Bac957",0.625,-0.0151540923342916,"Connector","Bac957","Prokaryote","Bacteria","Bacteroidetes","Flavobacteria","Flavobacteriales","Cryomorphaceae","CryomorphaceaeFA","_","Bac957","Non-Actinobacteria","Non-Actinobacteria","Rhizosphere","Control",2,9,"interBF","Drought period","Control","Bacteria","Control"
"16085","Bac1021",0.625,-0.282765896686282,"Connector","Bac1021","Prokaryote","Bacteria","Proteobacteria","Deltaproteobacteria","Bdellovibrionales","Bdellovibrionaceae","BdellovibrionaceaeFA","_","Bac1021","Non-Actinobacteria","Non-Actinobacteria","Rhizosphere","Control",2,9,"interBF","Drought period","Control","Bacteria","Control"
"16086","Bac1072",0.64,-0.0151540923342916,"Connector","Bac1072","Prokaryote","Bacteria","Verrucomicrobia","Opitutae","Opitutales","Opitutaceae","OpitutaceaeFA","_","Bac1072","Non-Actinobacteria","Non-Actinobacteria","Rhizosphere","Control",2,9,"interBF","Drought period","Control","Bacteria","Control"
"16093","Bac44",0.65625,0.0160183855399538,"Connector","Bac44","Prokaryote","Bacteria","Proteobacteria","Gammaproteobacteria","Enterobacteriales","Enterobacteriaceae","Buchnera","_","Bac44","Non-Actinobacteria","Non-Actinobacteria","Rhizosphere","Control",2,9,"interBF","Drought period","Control","Bacteria","Control"
"16094","Bac63",0.72,0,"Connector","Bac63","Prokaryote","Bacteria","Bacteroidetes","Sphingobacteria","Sphingobacteriales","Flexibacteraceae","Cytophaga","_","Bac63","Non-Actinobacteria","Non-Actinobacteria","Rhizosphere","Control",2,9,"interBF","Drought period","Control","Bacteria","Control"
"16101","Bac151",0.72,-0.353553390593274,"Connector","Bac151","Prokaryote","Bacteria","Chloroflexi","TK17","S085","S085OR","S085OR","_","Bac151","Non-Actinobacteria","Non-Actinobacteria","Rhizosphere","Control",2,9,"interBF","Drought period","Control","Bacteria","Control"
"16102","Bac209",0.666666666666667,-0.353553390593274,"Connector","Bac209","Prokaryote","Bacteria","Proteobacteria","Alphaproteobacteria","Caulobacterales","Caulobacteraceae","CaulobacteraceaeFA","_","Bac209","Non-Actinobacteria","Non-Actinobacteria","Rhizosphere","Control",2,9,"interBF","Drought period","Control","Bacteria","Control"
"16104","Bac323",0.625,0,"Connector","Bac323","Prokaryote","Bacteria","Proteobacteria","Deltaproteobacteria","Myxococcales","MyxococcalesOR","MyxococcalesOR","_","Bac323","Non-Actinobacteria","Non-Actinobacteria","Rhizosphere","Control",2,9,"interBF","Drought period","Control","Bacteria","Control"
"16113","Bac674",0.666666666666667,-0.577350269189626,"Connector","Bac674","Prokaryote","Bacteria","Bacteroidetes","Flavobacteria","Flavobacteriales","Flavobacteriaceae","FlavobacteriaceaeFA","_","Bac674","Non-Actinobacteria","Non-Actinobacteria","Rhizosphere","Control",2,9,"interBF","Drought period","Control","Bacteria","Control"
"16118","Bac969",0.691358024691358,0.0160183855399538,"Connector","Bac969","Prokaryote","Bacteria","Bacteroidetes","Flavobacteria","Flavobacteriales","Cryomorphaceae","Fluviicola","_","Bac969","Non-Actinobacteria","Non-Actinobacteria","Rhizosphere","Control",2,9,"interBF","Drought period","Control","Bacteria","Control"
"16121","Bac1417",0.666666666666667,-0.447213595499958,"Connector","Bac1417","Prokaryote","Bacteria","Proteobacteria","Deltaproteobacteria","Myxococcales","Polyangiaceae","PolyangiaceaeFA","_","Bac1417","Non-Actinobacteria","Non-Actinobacteria","Rhizosphere","Control",2,9,"interBF","Drought period","Control","Bacteria","Control"
"16303","OTU1Cladosporium",0.435727788279773,4.02858236337749,"Module hub","OTU1Cladosporium","Eukaryote","Fungi","Ascomycota","Dothideomycetes","Capnodiales","Davidiellaceae","Cladosporium","Saprotroph","OTU1Cladosporium","Non-Yeast","Saprotroph","Rhizosphere","Control",2,9,"interBF","Drought period","Control","Fungi","Control"
"16304","OTU2Setophoma",0.717916404116782,5.07662093198769,"Network hub","OTU2Setophoma","Eukaryote","Fungi","Ascomycota","_","_","_","Setophoma","Plant pathogen","OTU2Setophoma","Non-Yeast","Plant pathogen","Rhizosphere","Control",2,9,"interBF","Drought period","Control","Fungi","Control"
"16306","OTU18Gibberella",0.729487713452728,4.97168979526644,"Network hub","OTU18Gibberella","Eukaryote","Fungi","Ascomycota","Sordariomycetes","Hypocreales","Nectriaceae","Gibberella","Plant pathogen","OTU18Gibberella","Non-Yeast","Plant pathogen","Rhizosphere","Control",2,9,"interBF","Drought period","Control","Fungi","Control"
"16313","OTU35Myrothecium",0.364870982344953,4.43277126275847,"Module hub","OTU35Myrothecium","Eukaryote","Fungi","Ascomycota","Sordariomycetes","Hypocreales","Stachybotriaceae","Striaticonidium","Saprotroph","OTU35Myrothecium","Non-Yeast","Saprotroph","Rhizosphere","Control",2,9,"interBF","Drought period","Control","Fungi","Control"
"16328","OTU56Agaricomycetes",0.509861212563915,3.37987934893026,"Module hub","OTU56Agaricomycetes","Eukaryote","Fungi","Basidiomycota","Agaricomycetes","Auriculariales","_","Oliveonia","Saprotroph","OTU56Agaricomycetes","Non-Yeast","Saprotroph","Rhizosphere","Control",2,9,"interBF","Drought period","Control","Fungi","Control"
"16335","OTU97Penicillium",0,7.63580356990461,"Module hub","OTU97Penicillium","Eukaryote","Fungi","Ascomycota","Eurotiomycetes","Eurotiales","Trichocomaceae","Penicillium","Saprotroph","OTU97Penicillium","Non-Yeast","Saprotroph","Rhizosphere","Control",2,9,"interBF","Drought period","Control","Fungi","Control"
"16338","OTU88Pseudozyma",0.480259599783667,3.48966383086952,"Module hub","OTU88Pseudozyma","Eukaryote","Fungi","Basidiomycota","Ustilaginomycetes","Ustilaginales","Ustilaginaceae","Pseudozyma","SaprotrophYeast","OTU88Pseudozyma","Yeast","SaprotrophYeast","Rhizosphere","Control",2,9,"interBF","Drought period","Control","Fungi","Control"
"16340","OTU197Fungi",0.625,1.78885438199983,"Connector","OTU197Fungi","Eukaryote","Fungi","unidentified","_","_","_","_","Unidentified & others","OTU197Fungi","Non-Yeast","Unidentified & others","Rhizosphere","Control",2,9,"interBF","Drought period","Control","Fungi","Control"
"16354","OTU118Rhizophagus",0.394463667820069,2.74944313483578,"Module hub","OTU118Rhizophagus","Eukaryote","Fungi","Mucoromycota","Glomeromycotina","Glomerales","Glomeraceae","Rhizophagus","Arbuscular mycorrhizal","OTU118Rhizophagus","Non-Yeast","Arbuscular mycorrhizal","Rhizosphere","Control",2,9,"interBF","Drought period","Control","Fungi","Control"
"16358","OTU132Rhizophagus",0.582230623818526,3.03704178910731,"Module hub","OTU132Rhizophagus","Eukaryote","Fungi","Mucoromycota","Glomeromycotina","Glomerales","Glomeraceae","Rhizophagus","Arbuscular mycorrhizal","OTU132Rhizophagus","Non-Yeast","Arbuscular mycorrhizal","Rhizosphere","Control",2,9,"interBF","Drought period","Control","Fungi","Control"
"16362","OTU120Fungi",0.720946842158963,5.94282103532287,"Network hub","OTU120Fungi","Eukaryote","Fungi","unidentified","_","_","_","_","Unidentified & others","OTU120Fungi","Non-Yeast","Unidentified & others","Rhizosphere","Control",2,9,"interBF","Drought period","Control","Fungi","Control"
"16365","OTU486Fungi",0.6016,4.24264068711928,"Module hub","OTU486Fungi","Eukaryote","Fungi","Ascomycota","_","_","_","Parasympodiella","Saprotroph","OTU486Fungi","Non-Yeast","Saprotroph","Rhizosphere","Control",2,9,"interBF","Drought period","Control","Fungi","Control"
"16483","Bac242",0.285493827160494,2.51308779788301,"Module hub","Bac242","Prokaryote","Bacteria","Actinobacteria","ActinobacteriaPH","ActinobacteriaPH","ActinobacteriaPH","ActinobacteriaPH","_","Bac242","Actinobacteria","Actinobacteria","Rhizosphere","Control",8,18,"interBF","Rewetting period","Control","Bacteria","Control"
"16697","OTU1Cladosporium",0,4.18663020347247,"Module hub","OTU1Cladosporium","Eukaryote","Fungi","Ascomycota","Dothideomycetes","Capnodiales","Davidiellaceae","Cladosporium","Saprotroph","OTU1Cladosporium","Non-Yeast","Saprotroph","Rhizosphere","Control",8,18,"interBF","Rewetting period","Control","Fungi","Control"
"16699","OTU5Acremonium",0.104938271604938,4.88177003619642,"Module hub","OTU5Acremonium","Eukaryote","Fungi","Ascomycota","Sordariomycetes","Hypocreales","_","Acremonium","Endophyte","OTU5Acremonium","Non-Yeast","Endophyte","Rhizosphere","Control",8,18,"interBF","Rewetting period","Control","Fungi","Control"
"16700","OTU4Alternaria",0,5.91356726289323,"Module hub","OTU4Alternaria","Eukaryote","Fungi","Ascomycota","Dothideomycetes","Pleosporales","Pleosporaceae","Alternaria","Plant pathogen","OTU4Alternaria","Non-Yeast","Plant pathogen","Rhizosphere","Control",8,18,"interBF","Rewetting period","Control","Fungi","Control"
"16701","OTU6Fusarium",0,3.97941489779131,"Module hub","OTU6Fusarium","Eukaryote","Fungi","Ascomycota","Sordariomycetes","Hypocreales","Nectriaceae","Fusarium","Plant pathogen","OTU6Fusarium","Non-Yeast","Plant pathogen","Rhizosphere","Control",8,18,"interBF","Rewetting period","Control","Fungi","Control"
"16707","OTU28Chaetomium",0.48,3.64788039546062,"Module hub","OTU28Chaetomium","Eukaryote","Fungi","Ascomycota","Sordariomycetes","Sordariales","Chaetomiaceae","Chaetomium","Saprotroph","OTU28Chaetomium","Non-Yeast","Saprotroph","Rhizosphere","Control",8,18,"interBF","Rewetting period","Control","Fungi","Control"
"16710","OTU35Myrothecium",0.0570934256055363,2.85147097478493,"Module hub","OTU35Myrothecium","Eukaryote","Fungi","Ascomycota","Sordariomycetes","Hypocreales","Stachybotriaceae","Striaticonidium","Saprotroph","OTU35Myrothecium","Non-Yeast","Saprotroph","Rhizosphere","Control",8,18,"interBF","Rewetting period","Control","Fungi","Control"
"16711","OTU10Filobasidium",0.0416478044363966,2.6755602764793,"Module hub","OTU10Filobasidium","Eukaryote","Fungi","Basidiomycota","Tremellomycetes","Filobasidiales","Filobasidiaceae","Filobasidium","SaprotrophYeast","OTU10Filobasidium","Yeast","SaprotrophYeast","Rhizosphere","Control",8,18,"interBF","Rewetting period","Control","Fungi","Control"
"16718","OTU41Fusarium",0,2.51308779788301,"Module hub","OTU41Fusarium","Eukaryote","Fungi","Ascomycota","Sordariomycetes","Hypocreales","Nectriaceae","Fusarium","Plant pathogen","OTU41Fusarium","Non-Yeast","Plant pathogen","Rhizosphere","Control",8,18,"interBF","Rewetting period","Control","Fungi","Control"
"16721","OTU26Sporobolomyces",0.065,3.53902880618968,"Module hub","OTU26Sporobolomyces","Eukaryote","Fungi","Basidiomycota","Microbotryomycetes","Sporidiobolales","_","Sporobolomyces","SaprotrophYeast","OTU26Sporobolomyces","Yeast","SaprotrophYeast","Rhizosphere","Control",8,18,"interBF","Rewetting period","Control","Fungi","Control"
"16722","OTU11Epicoccum",1.11022302462516e-16,3.39511738457129,"Module hub","OTU11Epicoccum","Eukaryote","Fungi","Ascomycota","Dothideomycetes","Pleosporales","Pleosporaceae","Epicoccum","Plant pathogen","OTU11Epicoccum","Non-Yeast","Plant pathogen","Rhizosphere","Control",8,18,"interBF","Rewetting period","Control","Fungi","Control"
"16723","OTU14Symmetrospora",0,3.97076307104487,"Module hub","OTU14Symmetrospora","Eukaryote","Fungi","Basidiomycota","Cystobasidiomycetes","_","Symmetrosporaceae","Symmetrospora","SaprotrophYeast","OTU14Symmetrospora","Yeast","SaprotrophYeast","Rhizosphere","Control",8,18,"interBF","Rewetting period","Control","Fungi","Control"
"16724","OTU24Cryptococcus",0.0327777777777778,3.61098451699888,"Module hub","OTU24Cryptococcus","Eukaryote","Fungi","Basidiomycota","Tremellomycetes","Tremellales","_","Cryptococcus","SaprotrophYeast","OTU24Cryptococcus","Yeast","SaprotrophYeast","Rhizosphere","Control",8,18,"interBF","Rewetting period","Control","Fungi","Control"
"16730","OTU27Alternaria",0,3.0353388305253,"Module hub","OTU27Alternaria","Eukaryote","Fungi","Ascomycota","Dothideomycetes","Pleosporales","Pleosporaceae","Alternaria","Plant pathogen","OTU27Alternaria","Non-Yeast","Plant pathogen","Rhizosphere","Control",8,18,"interBF","Rewetting period","Control","Fungi","Control"
"16736","OTU70Claroideoglomus",0.047590719809637,3.6410317208894,"Module hub","OTU70Claroideoglomus","Eukaryote","Fungi","Mucoromycota","Glomeromycotina","Glomerales","Claroideoglomeraceae","Claroideoglomus","Arbuscular mycorrhizal","OTU70Claroideoglomus","Non-Yeast","Arbuscular mycorrhizal","Rhizosphere","Control",8,18,"interBF","Rewetting period","Control","Fungi","Control"
"16737","OTU44Curvularia",0,3.86662050549068,"Module hub","OTU44Curvularia","Eukaryote","Fungi","Ascomycota","Dothideomycetes","Pleosporales","Pleosporaceae","Curvularia","Plant pathogen","OTU44Curvularia","Non-Yeast","Plant pathogen","Rhizosphere","Control",8,18,"interBF","Rewetting period","Control","Fungi","Control"
"16738","OTU52Mortierella",0.455,4.03931961597808,"Module hub","OTU52Mortierella","Eukaryote","Fungi","Mucoromycota","Mortierellomycotina","Mortierellales","Mortierellaceae","Mortierella","Saprotroph","OTU52Mortierella","Non-Yeast","Saprotroph","Rhizosphere","Control",8,18,"interBF","Rewetting period","Control","Fungi","Control"
"16774","OTU69Tremellomycetes",1.11022302462516e-16,3.39511738457129,"Module hub","OTU69Tremellomycetes","Eukaryote","Fungi","Basidiomycota","Tremellomycetes","Tremellales","_","Naganishia","SaprotrophYeast","OTU69Tremellomycetes","Yeast","SaprotrophYeast","Rhizosphere","Control",8,18,"interBF","Rewetting period","Control","Fungi","Control"
"16827","Bac301",0.625,-0.253854066791725,"Connector","Bac301","Prokaryote","Bacteria","Verrucomicrobia","Verrucomicrobiae","Verrucomicrobiales","VerrucomicrobialesOR","VerrucomicrobialesOR","_","Bac301","Non-Actinobacteria","Non-Actinobacteria","Rhizosphere","Pre_flowering_drought",2,9,"interBF","Drought period","Drought","Bacteria","Drought"
"16837","Bac497",0.40625,2.53854066791725,"Module hub","Bac497","Prokaryote","Bacteria","_","_","_","_","_","_","Bac497","Non-Actinobacteria","Non-Actinobacteria","Rhizosphere","Pre_flowering_drought",2,9,"interBF","Drought period","Drought","Bacteria","Drought"
"16841","Bac56",0.666666666666667,0.724568837309472,"Connector","Bac56","Prokaryote","Bacteria","Proteobacteria","Betaproteobacteria","Burkholderiales","Comamonadaceae","Ramlibacter","_","Bac56","Non-Actinobacteria","Non-Actinobacteria","Rhizosphere","Pre_flowering_drought",2,9,"interBF","Drought period","Drought","Bacteria","Drought"
"16853","Bac149",0.64,-0.241522945769824,"Connector","Bac149","Prokaryote","Bacteria","Acidobacteria","Solibacteres","Solibacterales","Solibacteraceae","SolibacteraceaeFA","_","Bac149","Non-Actinobacteria","Non-Actinobacteria","Rhizosphere","Pre_flowering_drought",2,9,"interBF","Drought period","Drought","Bacteria","Drought"
"16921","OTU13Preussia",0.304498269896194,3.78138617860796,"Module hub","OTU13Preussia","Eukaryote","Fungi","Ascomycota","Dothideomycetes","Pleosporales","Sporormiaceae","Preussia","Saprotroph","OTU13Preussia","Non-Yeast","Saprotroph","Rhizosphere","Pre_flowering_drought",2,9,"interBF","Drought period","Drought","Fungi","Drought"
"16924","OTU73Trichocladium",0.625,-0.241522945769824,"Connector","OTU73Trichocladium","Eukaryote","Fungi","Ascomycota","Sordariomycetes","Sordariales","Chaetomiaceae","Trichocladium","Saprotroph","OTU73Trichocladium","Non-Yeast","Saprotroph","Rhizosphere","Pre_flowering_drought",2,9,"interBF","Drought period","Drought","Fungi","Drought"
"16933","OTU109Beauveria",0,2.82866567972698,"Module hub","OTU109Beauveria","Eukaryote","Fungi","Ascomycota","Sordariomycetes","Hypocreales","_","Geosmithia","Saprotroph","OTU109Beauveria","Non-Yeast","Saprotroph","Rhizosphere","Pre_flowering_drought",2,9,"interBF","Drought period","Drought","Fungi","Drought"
"16999","Bac192",0.666666666666667,-0.191430093957436,"Connector","Bac192","Prokaryote","Bacteria","Proteobacteria","Betaproteobacteria","Rhodocyclales","RhodocyclalesOR","RhodocyclalesOR","_","Bac192","Non-Actinobacteria","Non-Actinobacteria","Rhizosphere","Pre_flowering_drought",8,18,"interBF","Rewetting period","Drought","Bacteria","Rewetting"
"17002","Bac206",0.666666666666667,-0.191430093957436,"Connector","Bac206","Prokaryote","Bacteria","Gemmatimonadetes","GemmatimonadetesPH","Gemmatimonadales","GemmatimonadalesOR","GemmatimonadalesOR","_","Bac206","Non-Actinobacteria","Non-Actinobacteria","Rhizosphere","Pre_flowering_drought",8,18,"interBF","Rewetting period","Drought","Bacteria","Rewetting"
"17005","Bac215",0.625,-0.191430093957436,"Connector","Bac215","Prokaryote","Bacteria","Chloroflexi","ChloroflexiPH","Roseiflexales","Kouleothrixaceae","KouleothrixaceaeFA","_","Bac215","Non-Actinobacteria","Non-Actinobacteria","Rhizosphere","Pre_flowering_drought",8,18,"interBF","Rewetting period","Drought","Bacteria","Rewetting"
"17065","Bac626",0.64,-0.300538575857355,"Connector","Bac626","Prokaryote","Bacteria","Proteobacteria","Gammaproteobacteria","Xanthomonadales","Sinobacteraceae","SinobacteraceaeFA","_","Bac626","Non-Actinobacteria","Non-Actinobacteria","Rhizosphere","Pre_flowering_drought",8,18,"interBF","Rewetting period","Drought","Bacteria","Rewetting"
"17066","Bac627",0.666666666666667,-0.191430093957436,"Connector","Bac627","Prokaryote","Bacteria","Acidobacteria","AcidobacteriaPH","AcidobacteriaPH","AcidobacteriaPH","AcidobacteriaPH","_","Bac627","Non-Actinobacteria","Non-Actinobacteria","Rhizosphere","Pre_flowering_drought",8,18,"interBF","Rewetting period","Drought","Bacteria","Rewetting"
"17067","Bac628",0.625,-0.300538575857355,"Connector","Bac628","Prokaryote","Bacteria","Acidobacteria","AcidobacteriaPH","AcidobacteriaPH","AcidobacteriaPH","AcidobacteriaPH","_","Bac628","Non-Actinobacteria","Non-Actinobacteria","Rhizosphere","Pre_flowering_drought",8,18,"interBF","Rewetting period","Drought","Bacteria","Rewetting"
"17075","Bac697",0.693877551020408,-0.447213595499958,"Connector","Bac697","Prokaryote","Bacteria","Proteobacteria","Deltaproteobacteria","Myxococcales","Polyangiaceae","Chondromyces","_","Bac697","Non-Actinobacteria","Non-Actinobacteria","Rhizosphere","Pre_flowering_drought",8,18,"interBF","Rewetting period","Drought","Bacteria","Rewetting"
"17107","Bac925",0.625,-0.191430093957436,"Connector","Bac925","Prokaryote","Bacteria","Proteobacteria","Deltaproteobacteria","Myxococcales","Nannocystaceae","Plesiocystis","_","Bac925","Non-Actinobacteria","Non-Actinobacteria","Rhizosphere","Pre_flowering_drought",8,18,"interBF","Rewetting period","Drought","Bacteria","Rewetting"
"17111","Bac983",0.625,-0.300538575857355,"Connector","Bac983","Prokaryote","Bacteria","Proteobacteria","Deltaproteobacteria","Myxococcales","Polyangiaceae","PolyangiaceaeFA","_","Bac983","Non-Actinobacteria","Non-Actinobacteria","Rhizosphere","Pre_flowering_drought",8,18,"interBF","Rewetting period","Drought","Bacteria","Rewetting"
"17125","Bac1153",0.666666666666667,-0.191430093957436,"Connector","Bac1153","Prokaryote","Bacteria","Bacteroidetes","Sphingobacteria","Sphingobacteriales","SphingobacterialesOR","SphingobacterialesOR","_","Bac1153","Non-Actinobacteria","Non-Actinobacteria","Rhizosphere","Pre_flowering_drought",8,18,"interBF","Rewetting period","Drought","Bacteria","Rewetting"
"17131","Bac1269",0.666666666666667,-0.191430093957436,"Connector","Bac1269","Prokaryote","Bacteria","Proteobacteria","Deltaproteobacteria","Bdellovibrionales","Bdellovibrionaceae","BdellovibrionaceaeFA","_","Bac1269","Non-Actinobacteria","Non-Actinobacteria","Rhizosphere","Pre_flowering_drought",8,18,"interBF","Rewetting period","Drought","Bacteria","Rewetting"
"17141","Bac1449",0.625,-0.191430093957436,"Connector","Bac1449","Prokaryote","Bacteria","_","_","_","_","_","_","Bac1449","Non-Actinobacteria","Non-Actinobacteria","Rhizosphere","Pre_flowering_drought",8,18,"interBF","Rewetting period","Drought","Bacteria","Rewetting"
"17158","Bac2234",0.625,-0.300538575857355,"Connector","Bac2234","Prokaryote","Bacteria","Proteobacteria","Deltaproteobacteria","Bdellovibrionales","Bdellovibrionaceae","BdellovibrionaceaeFA","_","Bac2234","Non-Actinobacteria","Non-Actinobacteria","Rhizosphere","Pre_flowering_drought",8,18,"interBF","Rewetting period","Drought","Bacteria","Rewetting"
"17345","OTU1Cladosporium",0.570431420977744,6.58225015376722,"Module hub","OTU1Cladosporium","Eukaryote","Fungi","Ascomycota","Dothideomycetes","Capnodiales","Davidiellaceae","Cladosporium","Saprotroph","OTU1Cladosporium","Non-Yeast","Saprotroph","Rhizosphere","Pre_flowering_drought",8,18,"interBF","Rewetting period","Drought","Fungi","Rewetting"
"17346","OTU5Acremonium",0,5.11522273140599,"Module hub","OTU5Acremonium","Eukaryote","Fungi","Ascomycota","Sordariomycetes","Hypocreales","_","Acremonium","Endophyte","OTU5Acremonium","Non-Yeast","Endophyte","Rhizosphere","Pre_flowering_drought",8,18,"interBF","Rewetting period","Drought","Fungi","Rewetting"
"17347","OTU4Alternaria",0.50971604635692,4.53651108049894,"Module hub","OTU4Alternaria","Eukaryote","Fungi","Ascomycota","Dothideomycetes","Pleosporales","Pleosporaceae","Alternaria","Plant pathogen","OTU4Alternaria","Non-Yeast","Plant pathogen","Rhizosphere","Pre_flowering_drought",8,18,"interBF","Rewetting period","Drought","Fungi","Rewetting"
"17352","OTU10Filobasidium",0.442455775234131,4.53651108049894,"Module hub","OTU10Filobasidium","Eukaryote","Fungi","Basidiomycota","Tremellomycetes","Filobasidiales","Filobasidiaceae","Filobasidium","SaprotrophYeast","OTU10Filobasidium","Yeast","SaprotrophYeast","Rhizosphere","Pre_flowering_drought",8,18,"interBF","Rewetting period","Drought","Fungi","Rewetting"
"17358","OTU65Corynascus",0,4.41484750793711,"Module hub","OTU65Corynascus","Eukaryote","Fungi","Ascomycota","Sordariomycetes","Sordariales","Chaetomiaceae","Corynascus","Saprotroph","OTU65Corynascus","Non-Yeast","Saprotroph","Rhizosphere","Pre_flowering_drought",8,18,"interBF","Rewetting period","Drought","Fungi","Rewetting"
"17359","OTU26Sporobolomyces",0.473171232174002,4.85671947001149,"Module hub","OTU26Sporobolomyces","Eukaryote","Fungi","Basidiomycota","Microbotryomycetes","Sporidiobolales","_","Sporobolomyces","SaprotrophYeast","OTU26Sporobolomyces","Yeast","SaprotrophYeast","Rhizosphere","Pre_flowering_drought",8,18,"interBF","Rewetting period","Drought","Fungi","Rewetting"
"17360","OTU11Epicoccum",0.569304240899082,6.43409109655595,"Module hub","OTU11Epicoccum","Eukaryote","Fungi","Ascomycota","Dothideomycetes","Pleosporales","Pleosporaceae","Epicoccum","Plant pathogen","OTU11Epicoccum","Non-Yeast","Plant pathogen","Rhizosphere","Pre_flowering_drought",8,18,"interBF","Rewetting period","Drought","Fungi","Rewetting"
"17361","OTU14Symmetrospora",0.451515704894083,4.26204674663105,"Module hub","OTU14Symmetrospora","Eukaryote","Fungi","Basidiomycota","Cystobasidiomycetes","_","Symmetrosporaceae","Symmetrospora","SaprotrophYeast","OTU14Symmetrospora","Yeast","SaprotrophYeast","Rhizosphere","Pre_flowering_drought",8,18,"interBF","Rewetting period","Drought","Fungi","Rewetting"
"17362","OTU24Cryptococcus",0.437020176690714,4.76523135872219,"Module hub","OTU24Cryptococcus","Eukaryote","Fungi","Basidiomycota","Tremellomycetes","Tremellales","_","Cryptococcus","SaprotrophYeast","OTU24Cryptococcus","Yeast","SaprotrophYeast","Rhizosphere","Pre_flowering_drought",8,18,"interBF","Rewetting period","Drought","Fungi","Rewetting"
"17364","OTU50Filobasidiaceae",0.371666666666667,3.66737402325061,"Module hub","OTU50Filobasidiaceae","Eukaryote","Fungi","Basidiomycota","Tremellomycetes","Filobasidiales","Filobasidiaceae","_","SaprotrophYeast","OTU50Filobasidiaceae","Yeast","SaprotrophYeast","Rhizosphere","Pre_flowering_drought",8,18,"interBF","Rewetting period","Drought","Fungi","Rewetting"
"17366","OTU27Alternaria",0.373,2.93546913293622,"Module hub","OTU27Alternaria","Eukaryote","Fungi","Ascomycota","Dothideomycetes","Pleosporales","Pleosporaceae","Alternaria","Plant pathogen","OTU27Alternaria","Non-Yeast","Plant pathogen","Rhizosphere","Pre_flowering_drought",8,18,"interBF","Rewetting period","Drought","Fungi","Rewetting"
"17383","OTU97Penicillium",0,8.47702380405657,"Module hub","OTU97Penicillium","Eukaryote","Fungi","Ascomycota","Eurotiomycetes","Eurotiales","Trichocomaceae","Penicillium","Saprotroph","OTU97Penicillium","Non-Yeast","Saprotroph","Rhizosphere","Pre_flowering_drought",8,18,"interBF","Rewetting period","Drought","Fungi","Rewetting"
"17390","OTU53Stemphylium",0.515155174495834,3.9601455026082,"Module hub","OTU53Stemphylium","Eukaryote","Fungi","Ascomycota","Dothideomycetes","Pleosporales","Pleosporaceae","Stemphylium","Plant pathogen","OTU53Stemphylium","Non-Yeast","Plant pathogen","Rhizosphere","Pre_flowering_drought",8,18,"interBF","Rewetting period","Drought","Fungi","Rewetting"
"17391","OTU61Cryptococcus",0.201728395061728,3.07270129987017,"Module hub","OTU61Cryptococcus","Eukaryote","Fungi","Basidiomycota","Tremellomycetes","Tremellales","_","Papiliotrema","SaprotrophYeast","OTU61Cryptococcus","Yeast","SaprotrophYeast","Rhizosphere","Pre_flowering_drought",8,18,"interBF","Rewetting period","Drought","Fungi","Rewetting"
"17394","OTU83Cladosporium",0.368264462809917,3.34716563373806,"Module hub","OTU83Cladosporium","Eukaryote","Fungi","Ascomycota","Dothideomycetes","Capnodiales","Davidiellaceae","Cladosporium","Saprotroph","OTU83Cladosporium","Non-Yeast","Saprotroph","Rhizosphere","Pre_flowering_drought",8,18,"interBF","Rewetting period","Drought","Fungi","Rewetting"
"17436","OTU229Glomus",0.628099173553719,0.48593793081503,"Connector","OTU229Glomus","Eukaryote","Fungi","Mucoromycota","Glomeromycotina","_","_","_","Arbuscular mycorrhizal","OTU229Glomus","Non-Yeast","Arbuscular mycorrhizal","Rhizosphere","Pre_flowering_drought",8,18,"interBF","Rewetting period","Drought","Fungi","Rewetting"
"17777","OTU2Setophoma",0,5.61736028329193,"Module hub","OTU2Setophoma","Eukaryote","Fungi","Ascomycota","_","_","_","Setophoma","Plant pathogen","OTU2Setophoma","Non-Yeast","Plant pathogen","Root","Control",2,9,"interBF","Drought period","Control","Fungi","Control"
"17780","OTU18Gibberella",0,6.29673828259768,"Module hub","OTU18Gibberella","Eukaryote","Fungi","Ascomycota","Sordariomycetes","Hypocreales","Nectriaceae","Gibberella","Plant pathogen","OTU18Gibberella","Non-Yeast","Plant pathogen","Root","Control",2,9,"interBF","Drought period","Control","Fungi","Control"
"17784","OTU12Talaromyces",0.165589412126808,2.99121639882641,"Module hub","OTU12Talaromyces","Eukaryote","Fungi","Ascomycota","Eurotiomycetes","Eurotiales","Trichocomaceae","Talaromyces","Saprotroph","OTU12Talaromyces","Non-Yeast","Saprotroph","Root","Control",2,9,"interBF","Drought period","Control","Fungi","Control"
"17789","OTU35Myrothecium",0.4234404536862,3.88057000058133,"Module hub","OTU35Myrothecium","Eukaryote","Fungi","Ascomycota","Sordariomycetes","Hypocreales","Stachybotriaceae","Striaticonidium","Saprotroph","OTU35Myrothecium","Non-Yeast","Saprotroph","Root","Control",2,9,"interBF","Drought period","Control","Fungi","Control"
"17791","OTU9Meruliaceae",0,2.91519074101224,"Module hub","OTU9Meruliaceae","Eukaryote","Fungi","Basidiomycota","Agaricomycetes","Polyporales","Meruliaceae","Gloeoporus","Saprotroph","OTU9Meruliaceae","Non-Yeast","Saprotroph","Root","Control",2,9,"interBF","Drought period","Control","Fungi","Control"
"17792","OTU13Preussia",0.0961111111111111,3.37134468789725,"Module hub","OTU13Preussia","Eukaryote","Fungi","Ascomycota","Dothideomycetes","Pleosporales","Sporormiaceae","Preussia","Saprotroph","OTU13Preussia","Non-Yeast","Saprotroph","Root","Control",2,9,"interBF","Drought period","Control","Fungi","Control"
"17798","OTU65Corynascus",0.108935564257743,2.83916508319807,"Module hub","OTU65Corynascus","Eukaryote","Fungi","Ascomycota","Sordariomycetes","Sordariales","Chaetomiaceae","Corynascus","Saprotroph","OTU65Corynascus","Non-Yeast","Saprotroph","Root","Control",2,9,"interBF","Drought period","Control","Fungi","Control"
"17799","OTU40Acremonium",0.0733357066571734,2.91519074101224,"Module hub","OTU40Acremonium","Eukaryote","Fungi","Ascomycota","Sordariomycetes","Hypocreales","_","Acremonium","Endophyte","OTU40Acremonium","Non-Yeast","Endophyte","Root","Control",2,9,"interBF","Drought period","Control","Fungi","Control"
"17810","OTU47Chaetomium",0.489795918367347,2.77407873365426,"Module hub","OTU47Chaetomium","Eukaryote","Fungi","Ascomycota","Sordariomycetes","Sordariales","Chaetomiaceae","Chaetomium","Saprotroph","OTU47Chaetomium","Non-Yeast","Saprotroph","Root","Control",2,9,"interBF","Drought period","Control","Fungi","Control"
"17813","OTU56Agaricomycetes",0,5.07385788384733,"Module hub","OTU56Agaricomycetes","Eukaryote","Fungi","Basidiomycota","Agaricomycetes","Auriculariales","_","Oliveonia","Saprotroph","OTU56Agaricomycetes","Non-Yeast","Saprotroph","Root","Control",2,9,"interBF","Drought period","Control","Fungi","Control"
"17822","OTU49Macrophomina",0,2.76313942538391,"Module hub","OTU49Macrophomina","Eukaryote","Fungi","Ascomycota","Dothideomycetes","Botryosphaeriales","Botryosphaeriaceae","Macrophomina","Plant pathogen","OTU49Macrophomina","Non-Yeast","Plant pathogen","Root","Control",2,9,"interBF","Drought period","Control","Fungi","Control"
"17823","OTU97Penicillium",0.113033448673587,2.68711376756974,"Module hub","OTU97Penicillium","Eukaryote","Fungi","Ascomycota","Eurotiomycetes","Eurotiales","Trichocomaceae","Penicillium","Saprotroph","OTU97Penicillium","Non-Yeast","Saprotroph","Root","Control",2,9,"interBF","Drought period","Control","Fungi","Control"
"17824","OTU322Fusarium",0,3.85097748509698,"Module hub","OTU322Fusarium","Eukaryote","Fungi","Ascomycota","Sordariomycetes","Hypocreales","Nectriaceae","Fusarium","Plant pathogen","OTU322Fusarium","Non-Yeast","Plant pathogen","Root","Control",2,9,"interBF","Drought period","Control","Fungi","Control"
"17838","OTU112Curvularia",0.5,2.60316549382387,"Module hub","OTU112Curvularia","Eukaryote","Fungi","Ascomycota","Dothideomycetes","Pleosporales","Pleosporaceae","Curvularia","Plant pathogen","OTU112Curvularia","Non-Yeast","Plant pathogen","Root","Control",2,9,"interBF","Drought period","Control","Fungi","Control"
"17843","OTU110Myrmecridium",0,4.12272868481928,"Module hub","OTU110Myrmecridium","Eukaryote","Fungi","Ascomycota","Sordariomycetes","_","_","Myrmecridium","Saprotroph","OTU110Myrmecridium","Non-Yeast","Saprotroph","Root","Control",2,9,"interBF","Drought period","Control","Fungi","Control"
"17844","OTU151Vermispora",1.11022302462516e-16,3.17159948579123,"Module hub","OTU151Vermispora","Eukaryote","Fungi","Ascomycota","Orbiliomycetes","Orbiliales","OrbilialesfamIncertaesedis","Vermispora","Unidentified & others","OTU151Vermispora","Non-Yeast","Unidentified & others","Root","Control",2,9,"interBF","Drought period","Control","Fungi","Control"
"17897","Bac475",0.653061224489796,0.0223568254821528,"Connector","Bac475","Prokaryote","Bacteria","TM7","TM7PH","TM7PH","TM7PH","TM7PH","_","Bac475","Non-Actinobacteria","Non-Actinobacteria","Root","Control",8,18,"interBF","Rewetting period","Control","Bacteria","Control"
"18057","OTU5Acremonium",0.0587695133149678,3.16204313740273,"Module hub","OTU5Acremonium","Eukaryote","Fungi","Ascomycota","Sordariomycetes","Hypocreales","_","Acremonium","Endophyte","OTU5Acremonium","Non-Yeast","Endophyte","Root","Control",8,18,"interBF","Rewetting period","Control","Fungi","Control"
"18060","OTU18Gibberella",0.283164782867341,3.43644792073539,"Module hub","OTU18Gibberella","Eukaryote","Fungi","Ascomycota","Sordariomycetes","Hypocreales","Nectriaceae","Gibberella","Plant pathogen","OTU18Gibberella","Non-Yeast","Plant pathogen","Root","Control",8,18,"interBF","Rewetting period","Control","Fungi","Control"
"18062","OTU17Acrophialophora",0.060546875,3.0388466515299,"Module hub","OTU17Acrophialophora","Eukaryote","Fungi","Ascomycota","_","_","_","Acrophialophora","Plant pathogen","OTU17Acrophialophora","Non-Yeast","Plant pathogen","Root","Control",8,18,"interBF","Rewetting period","Control","Fungi","Control"
"18068","OTU35Myrothecium",0.0587695133149678,3.16204313740273,"Module hub","OTU35Myrothecium","Eukaryote","Fungi","Ascomycota","Sordariomycetes","Hypocreales","Stachybotriaceae","Striaticonidium","Saprotroph","OTU35Myrothecium","Non-Yeast","Saprotroph","Root","Control",8,18,"interBF","Rewetting period","Control","Fungi","Control"
"18070","OTU22Periconia",0.046485260770975,4.27081151025824,"Module hub","OTU22Periconia","Eukaryote","Fungi","Ascomycota","Dothideomycetes","Pleosporales","_","Periconia","Endophyte","OTU22Periconia","Non-Yeast","Endophyte","Root","Control",8,18,"interBF","Rewetting period","Control","Fungi","Control"
"18073","OTU41Fusarium",0,3.28523962327557,"Module hub","OTU41Fusarium","Eukaryote","Fungi","Ascomycota","Sordariomycetes","Hypocreales","Nectriaceae","Fusarium","Plant pathogen","OTU41Fusarium","Non-Yeast","Plant pathogen","Root","Control",8,18,"interBF","Rewetting period","Control","Fungi","Control"
"18078","OTU106Sordariomycetes",0.273450321929049,8.2088176403645,"Module hub","OTU106Sordariomycetes","Eukaryote","Fungi","Ascomycota","Sordariomycetes","Sordariales","Lasiosphaeriaceae","Podospora","Endophyte","OTU106Sordariomycetes","Non-Yeast","Endophyte","Root","Control",8,18,"interBF","Rewetting period","Control","Fungi","Control"
"18079","OTU27Alternaria",0.408163265306122,4.04658541226965,"Module hub","OTU27Alternaria","Eukaryote","Fungi","Ascomycota","Dothideomycetes","Pleosporales","Pleosporaceae","Alternaria","Plant pathogen","OTU27Alternaria","Non-Yeast","Plant pathogen","Root","Control",8,18,"interBF","Rewetting period","Control","Fungi","Control"
"18094","OTU153Auriculariales",0.101108033240997,3.66924644364413,"Module hub","OTU153Auriculariales","Eukaryote","Fungi","Basidiomycota","Agaricomycetes","Auriculariales","Auriculariaceae","Auricularia","Saprotroph","OTU153Auriculariales","Non-Yeast","Saprotroph","Root","Control",8,18,"interBF","Rewetting period","Control","Fungi","Control"
"18122","Bac4",0.641975308641975,-0.0395284707521048,"Connector","Bac4","Prokaryote","Bacteria","Proteobacteria","Alphaproteobacteria","Rhizobiales","Rhizobiaceae","Rhizobium","_","Bac4","Non-Actinobacteria","Non-Actinobacteria","Root","Pre_flowering_drought",8,18,"interBF","Rewetting period","Drought","Bacteria","Rewetting"
"18150","Bac265",0.653061224489796,-0.0395284707521048,"Connector","Bac265","Prokaryote","Bacteria","Proteobacteria","Alphaproteobacteria","Rhizobiales","RhizobialesOR","RhizobialesOR","_","Bac265","Non-Actinobacteria","Non-Actinobacteria","Root","Pre_flowering_drought",8,18,"interBF","Rewetting period","Drought","Bacteria","Rewetting"
"18291","Bac1072",0.625,-0.553141109431306,"Connector","Bac1072","Prokaryote","Bacteria","Verrucomicrobia","Opitutae","Opitutales","Opitutaceae","OpitutaceaeFA","_","Bac1072","Non-Actinobacteria","Non-Actinobacteria","Root","Pre_flowering_drought",8,18,"interBF","Rewetting period","Drought","Bacteria","Rewetting"
"18292","Bac1343",0.666666666666667,-0.577350269189626,"Connector","Bac1343","Prokaryote","Bacteria","Proteobacteria","Deltaproteobacteria","Bdellovibrionales","Bdellovibrionaceae","BdellovibrionaceaeFA","_","Bac1343","Non-Actinobacteria","Non-Actinobacteria","Root","Pre_flowering_drought",8,18,"interBF","Rewetting period","Drought","Bacteria","Rewetting"
"18384","Bac204",0.625,-0.434813178273152,"Connector","Bac204","Prokaryote","Bacteria","Proteobacteria","Gammaproteobacteria","Oceanospirillales","211ds20","211ds20FA","_","Bac204","Non-Actinobacteria","Non-Actinobacteria","Root","Pre_flowering_drought",8,18,"interBF","Rewetting period","Drought","Bacteria","Rewetting"
"18453","OTU1Cladosporium",0.398654061849063,3.30278751115212,"Module hub","OTU1Cladosporium","Eukaryote","Fungi","Ascomycota","Dothideomycetes","Capnodiales","Davidiellaceae","Cladosporium","Saprotroph","OTU1Cladosporium","Non-Yeast","Saprotroph","Root","Pre_flowering_drought",8,18,"interBF","Rewetting period","Drought","Fungi","Rewetting"
"18455","OTU5Acremonium",0,5.66276648563204,"Module hub","OTU5Acremonium","Eukaryote","Fungi","Ascomycota","Sordariomycetes","Hypocreales","_","Acremonium","Endophyte","OTU5Acremonium","Non-Yeast","Endophyte","Root","Pre_flowering_drought",8,18,"interBF","Rewetting period","Drought","Fungi","Rewetting"
"18456","OTU4Alternaria",0.211666666666667,2.8894789641428,"Module hub","OTU4Alternaria","Eukaryote","Fungi","Ascomycota","Dothideomycetes","Pleosporales","Pleosporaceae","Alternaria","Plant pathogen","OTU4Alternaria","Non-Yeast","Plant pathogen","Root","Pre_flowering_drought",8,18,"interBF","Rewetting period","Drought","Fungi","Rewetting"
"18460","OTU28Chaetomium",0,5.66276648563204,"Module hub","OTU28Chaetomium","Eukaryote","Fungi","Ascomycota","Sordariomycetes","Sordariales","Chaetomiaceae","Chaetomium","Saprotroph","OTU28Chaetomium","Non-Yeast","Saprotroph","Root","Pre_flowering_drought",8,18,"interBF","Rewetting period","Drought","Fungi","Rewetting"
"18465","OTU22Periconia",1.11022302462516e-16,4.70388801950046,"Module hub","OTU22Periconia","Eukaryote","Fungi","Ascomycota","Dothideomycetes","Pleosporales","_","Periconia","Endophyte","OTU22Periconia","Non-Yeast","Endophyte","Root","Pre_flowering_drought",8,18,"interBF","Rewetting period","Drought","Fungi","Rewetting"
"18467","OTU65Corynascus",0,2.92692071419938,"Module hub","OTU65Corynascus","Eukaryote","Fungi","Ascomycota","Sordariomycetes","Sordariales","Chaetomiaceae","Corynascus","Saprotroph","OTU65Corynascus","Non-Yeast","Saprotroph","Root","Pre_flowering_drought",8,18,"interBF","Rewetting period","Drought","Fungi","Rewetting"
"18472","OTU81Schizothecium",0.13265306122449,2.56456332554514,"Module hub","OTU81Schizothecium","Eukaryote","Fungi","Ascomycota","Sordariomycetes","Sordariales","Lasiosphaeriaceae","Schizothecium","Saprotroph","OTU81Schizothecium","Non-Yeast","Saprotroph","Root","Pre_flowering_drought",8,18,"interBF","Rewetting period","Drought","Fungi","Rewetting"
"18473","OTU106Sordariomycetes",0.499801626661377,5.23156073052897,"Module hub","OTU106Sordariomycetes","Eukaryote","Fungi","Ascomycota","Sordariomycetes","Sordariales","Lasiosphaeriaceae","Podospora","Endophyte","OTU106Sordariomycetes","Non-Yeast","Endophyte","Root","Pre_flowering_drought",8,18,"interBF","Rewetting period","Drought","Fungi","Rewetting"
"18474","OTU27Alternaria",0.312777777777778,2.61393993280325,"Module hub","OTU27Alternaria","Eukaryote","Fungi","Ascomycota","Dothideomycetes","Pleosporales","Pleosporaceae","Alternaria","Plant pathogen","OTU27Alternaria","Non-Yeast","Plant pathogen","Root","Pre_flowering_drought",8,18,"interBF","Rewetting period","Drought","Fungi","Rewetting"
"18481","OTU56Agaricomycetes",0.535590277777778,4.64303294886277,"Module hub","OTU56Agaricomycetes","Eukaryote","Fungi","Basidiomycota","Agaricomycetes","Auriculariales","_","Oliveonia","Saprotroph","OTU56Agaricomycetes","Non-Yeast","Saprotroph","Root","Pre_flowering_drought",8,18,"interBF","Rewetting period","Drought","Fungi","Rewetting"
"18484","OTU49Macrophomina",0,3.61088215705754,"Module hub","OTU49Macrophomina","Eukaryote","Fungi","Ascomycota","Dothideomycetes","Botryosphaeriales","Botryosphaeriaceae","Macrophomina","Plant pathogen","OTU49Macrophomina","Non-Yeast","Plant pathogen","Root","Pre_flowering_drought",8,18,"interBF","Rewetting period","Drought","Fungi","Rewetting"
"18492","OTU166Rhizophagus",0.451843043995244,3.16501799548235,"Module hub","OTU166Rhizophagus","Eukaryote","Fungi","Mucoromycota","Glomeromycotina","Glomerales","Glomeraceae","Rhizophagus","Arbuscular mycorrhizal","OTU166Rhizophagus","Non-Yeast","Arbuscular mycorrhizal","Root","Pre_flowering_drought",8,18,"interBF","Rewetting period","Drought","Fungi","Rewetting"
"18496","OTU102Arthropsis",0,2.79012842562775,"Module hub","OTU102Arthropsis","Eukaryote","Fungi","Ascomycota","Eurotiomycetes","Onygenales","Onygenaceae","Uncinocarpus","Saprotroph","OTU102Arthropsis","Non-Yeast","Saprotroph","Root","Pre_flowering_drought",8,18,"interBF","Rewetting period","Drought","Fungi","Rewetting"
"18497","OTU207Magnaporthiopsis",0.632231404958678,2.72746448189523,"Network hub","OTU207Magnaporthiopsis","Eukaryote","Fungi","Ascomycota","Sordariomycetes","Magnaporthales","Magnaporthaceae","Magnaporthiopsis","Plant pathogen","OTU207Magnaporthiopsis","Non-Yeast","Plant pathogen","Root","Pre_flowering_drought",8,18,"interBF","Rewetting period","Drought","Fungi","Rewetting"
"18500","OTU150Rhizophagus",0.270852570021545,2.54505517496836,"Module hub","OTU150Rhizophagus","Eukaryote","Fungi","Mucoromycota","Glomeromycotina","Glomerales","Glomeraceae","Rhizophagus","Arbuscular mycorrhizal","OTU150Rhizophagus","Non-Yeast","Arbuscular mycorrhizal","Root","Pre_flowering_drought",8,18,"interBF","Rewetting period","Drought","Fungi","Rewetting"
"18502","OTU110Myrmecridium",0.461805555555556,2.54505517496836,"Module hub","OTU110Myrmecridium","Eukaryote","Fungi","Ascomycota","Sordariomycetes","_","_","Myrmecridium","Saprotroph","OTU110Myrmecridium","Non-Yeast","Saprotroph","Root","Pre_flowering_drought",8,18,"interBF","Rewetting period","Drought","Fungi","Rewetting"
"18503","OTU118Rhizophagus",0.498163452708907,3.2140850828319,"Module hub","OTU118Rhizophagus","Eukaryote","Fungi","Mucoromycota","Glomeromycotina","Glomerales","Glomeraceae","Rhizophagus","Arbuscular mycorrhizal","OTU118Rhizophagus","Non-Yeast","Arbuscular mycorrhizal","Root","Pre_flowering_drought",8,18,"interBF","Rewetting period","Drought","Fungi","Rewetting"
"18505","OTU161Rhizophagus",0.470816115702479,3.09613323764746,"Module hub","OTU161Rhizophagus","Eukaryote","Fungi","Mucoromycota","Glomeromycotina","Glomerales","Glomeraceae","Rhizophagus","Arbuscular mycorrhizal","OTU161Rhizophagus","Non-Yeast","Arbuscular mycorrhizal","Root","Pre_flowering_drought",8,18,"interBF","Rewetting period","Drought","Fungi","Rewetting"
"18506","OTU132Rhizophagus",0.424382716049383,2.68282469063813,"Module hub","OTU132Rhizophagus","Eukaryote","Fungi","Mucoromycota","Glomeromycotina","Glomerales","Glomeraceae","Rhizophagus","Arbuscular mycorrhizal","OTU132Rhizophagus","Non-Yeast","Arbuscular mycorrhizal","Root","Pre_flowering_drought",8,18,"interBF","Rewetting period","Drought","Fungi","Rewetting"
"18507","OTU182Ascomycota",0.411651234567901,2.8894789641428,"Module hub","OTU182Ascomycota","Eukaryote","Fungi","Ascomycota","Sordariomycetes","Diaporthales","Valsaceae","_","Plant pathogen","OTU182Ascomycota","Non-Yeast","Plant pathogen","Root","Pre_flowering_drought",8,18,"interBF","Rewetting period","Drought","Fungi","Rewetting"
"18529","OTU364Arthrobotrys",0.417009602194787,4.12341554303337,"Module hub","OTU364Arthrobotrys","Eukaryote","Fungi","Ascomycota","Orbiliomycetes","Orbiliales","Orbiliaceae","Arthrobotrys","Saprotroph","OTU364Arthrobotrys","Non-Yeast","Saprotroph","Root","Pre_flowering_drought",8,18,"interBF","Rewetting period","Drought","Fungi","Rewetting"
"18530","OTU375Agaricomycetes",0.499362244897959,2.69446767700249,"Module hub","OTU375Agaricomycetes","Eukaryote","Fungi","Basidiomycota","Agaricomycetes","Sebacinales","Serendipitaceae","Serendipita","Saprotroph","OTU375Agaricomycetes","Non-Yeast","Saprotroph","Root","Pre_flowering_drought",8,18,"interBF","Rewetting period","Drought","Fungi","Rewetting"
"18571","Bac256",0.666666666666667,-0.800326730665041,"Connector","Bac256","Prokaryote","Bacteria","Firmicutes","Bacilli","Bacillales","Bacillaceae","Bacillus","_","Bac256","Non-Actinobacteria","Non-Actinobacteria","Soil","Control",2,9,"interBF","Drought period","Control","Bacteria","Control"
"18672","OTU19Sarocladium",0.625,-0.866025403784439,"Connector","OTU19Sarocladium","Eukaryote","Fungi","Ascomycota","Sordariomycetes","Hypocreales","_","Sarocladium","Plant pathogen","OTU19Sarocladium","Non-Yeast","Plant pathogen","Soil","Control",2,9,"interBF","Drought period","Control","Fungi","Control"
"18686","OTU91Schizothecium",0.253968253968254,3.61066663006864,"Module hub","OTU91Schizothecium","Eukaryote","Fungi","Ascomycota","Sordariomycetes","Sordariales","Lasiosphaeriaceae","Schizothecium","Saprotroph","OTU91Schizothecium","Non-Yeast","Saprotroph","Soil","Control",2,9,"interBF","Drought period","Control","Fungi","Control"
"18724","OTU120Fungi",0,2.90976868895696,"Module hub","OTU120Fungi","Eukaryote","Fungi","unidentified","_","_","_","_","Unidentified & others","OTU120Fungi","Non-Yeast","Unidentified & others","Soil","Control",2,9,"interBF","Drought period","Control","Fungi","Control"
"18742","OTU391Talaromyces",0.304498269896194,2.55702014015537,"Module hub","OTU391Talaromyces","Eukaryote","Fungi","Ascomycota","Eurotiomycetes","Eurotiales","Trichocomaceae","Talaromyces","Saprotroph","OTU391Talaromyces","Non-Yeast","Saprotroph","Soil","Control",2,9,"interBF","Drought period","Control","Fungi","Control"
"18746","OTU488Chytridiomycota",0,3.67419944622532,"Module hub","OTU488Chytridiomycota","Eukaryote","Fungi","Chytridiomycota","Chytridiomycetes","_","_","_","Unidentified & others","OTU488Chytridiomycota","Non-Yeast","Unidentified & others","Soil","Control",2,9,"interBF","Drought period","Control","Fungi","Control"
"18853","OTU14Symmetrospora",0.124444444444444,4.00356941782737,"Module hub","OTU14Symmetrospora","Eukaryote","Fungi","Basidiomycota","Cystobasidiomycetes","_","Symmetrosporaceae","Symmetrospora","SaprotrophYeast","OTU14Symmetrospora","Yeast","SaprotrophYeast","Soil","Control",8,18,"interBF","Rewetting period","Control","Fungi","Control"
"18858","OTU76Chaetomium",0.18,3.07958941544842,"Module hub","OTU76Chaetomium","Eukaryote","Fungi","Ascomycota","Sordariomycetes","Sordariales","Chaetomiaceae","Chaetomium","Saprotroph","OTU76Chaetomium","Non-Yeast","Saprotroph","Soil","Control",8,18,"interBF","Rewetting period","Control","Fungi","Control"
"18893","OTU265Chytridiomycetes",0,3.14124268131624,"Module hub","OTU265Chytridiomycetes","Eukaryote","Fungi","Chytridiomycota","Chytridiomycetes","Rhizophlyctidales","Rhizophlyctidaceae","Rhizophlyctis","Saprotroph","OTU265Chytridiomycetes","Non-Yeast","Saprotroph","Soil","Control",8,18,"interBF","Rewetting period","Control","Fungi","Control"
"18976","Bac68",0.625,-0.133808524782567,"Connector","Bac68","Prokaryote","Bacteria","Bacteroidetes","Sphingobacteria","Sphingobacteriales","Flexibacteraceae","Cytophaga","_","Bac68","Non-Actinobacteria","Non-Actinobacteria","Soil","Pre_flowering_drought",8,18,"interBF","Rewetting period","Drought","Bacteria","Rewetting"
"18979","Bac1029",0.653061224489796,0.234164918369492,"Connector","Bac1029","Prokaryote","Bacteria","Proteobacteria","Deltaproteobacteria","Myxococcales","Haliangiaceae","HaliangiaceaeFA","_","Bac1029","Non-Actinobacteria","Non-Actinobacteria","Soil","Pre_flowering_drought",8,18,"interBF","Rewetting period","Drought","Bacteria","Rewetting"
"18992","Bac141",0.625,0,"Connector","Bac141","Prokaryote","Bacteria","Proteobacteria","Deltaproteobacteria","Myxococcales","MyxococcalesOR","MyxococcalesOR","_","Bac141","Non-Actinobacteria","Non-Actinobacteria","Soil","Pre_flowering_drought",8,18,"interBF","Rewetting period","Drought","Bacteria","Rewetting"
"19011","Bac380",1.11022302462516e-16,2.88549817306213,"Module hub","Bac380","Prokaryote","Bacteria","Firmicutes","Bacilli","Bacillales","Bacillaceae","Bacillus","_","Bac380","Non-Actinobacteria","Non-Actinobacteria","Soil","Pre_flowering_drought",8,18,"interBF","Rewetting period","Drought","Bacteria","Rewetting"
"19057","Bac2376",0.625,0.866025403784439,"Connector","Bac2376","Prokaryote","Bacteria","Proteobacteria","Deltaproteobacteria","DeltaproteobacteriaCL","DeltaproteobacteriaCL","DeltaproteobacteriaCL","_","Bac2376","Non-Actinobacteria","Non-Actinobacteria","Soil","Pre_flowering_drought",8,18,"interBF","Rewetting period","Drought","Bacteria","Rewetting"
"19086","OTU14Symmetrospora",0.378698224852071,3.173131961101,"Module hub","OTU14Symmetrospora","Eukaryote","Fungi","Basidiomycota","Cystobasidiomycetes","_","Symmetrosporaceae","Symmetrospora","SaprotrophYeast","OTU14Symmetrospora","Yeast","SaprotrophYeast","Soil","Pre_flowering_drought",8,18,"interBF","Rewetting period","Drought","Fungi","Rewetting"
"19090","OTU70Claroideoglomus",1.11022302462516e-16,2.7751154611628,"Module hub","OTU70Claroideoglomus","Eukaryote","Fungi","Mucoromycota","Glomeromycotina","Glomerales","Claroideoglomeraceae","Claroideoglomus","Arbuscular mycorrhizal","OTU70Claroideoglomus","Non-Yeast","Arbuscular mycorrhizal","Soil","Pre_flowering_drought",8,18,"interBF","Rewetting period","Drought","Fungi","Rewetting"
"19116","OTU120Fungi",0.565,3.54592590673802,"Module hub","OTU120Fungi","Eukaryote","Fungi","unidentified","_","_","_","_","Unidentified & others","OTU120Fungi","Non-Yeast","Unidentified & others","Soil","Pre_flowering_drought",8,18,"interBF","Rewetting period","Drought","Fungi","Rewetting"
