"","Pi","Zi","group","otu.name","Kingdom","Kingdom1","Phylum","Class","Order","Family","Genus","Funguild","OTU.ID","Morph","Morph1","Habitat","Treatment","tpA","tpB","network"
"Bac8",0,-0.79474267268792,"Peripherals","Bac8","Prokaryote","Bacteria","Bacteroidetes","Sphingobacteria","Sphingobacteriales","SphingobacterialesOR","Chitinophaga","_","Bac8","Non-Actinobacteria","Non-Actinobacteria","Rhizosphere","Pre_flowering_drought",2,9,"Bac-Bac"
"Bac11",0.5,2.07477069418528,"Peripherals","Bac11","Prokaryote","Bacteria","Proteobacteria","Gammaproteobacteria","Xanthomonadales","Sinobacteraceae","SinobacteraceaeFA","_","Bac11","Non-Actinobacteria","Non-Actinobacteria","Rhizosphere","Pre_flowering_drought",2,9,"Bac-Bac"
"Bac14",1.11022302462516e-16,1.35739235246698,"Peripherals","Bac14","Prokaryote","Bacteria","Bacteroidetes","Sphingobacteria","Sphingobacteriales","SphingobacterialesOR","Niastella","_","Bac14","Non-Actinobacteria","Non-Actinobacteria","Rhizosphere","Pre_flowering_drought",2,9,"Bac-Bac"
"Bac19",0,2.07477069418528,"Peripherals","Bac19","Prokaryote","Bacteria","Bacteroidetes","Sphingobacteria","Sphingobacteriales","SphingobacterialesOR","SphingobacterialesOR","_","Bac19","Non-Actinobacteria","Non-Actinobacteria","Rhizosphere","Pre_flowering_drought",2,9,"Bac-Bac"
"Bac21",0,-0.0773643309696203,"Peripherals","Bac21","Prokaryote","Bacteria","Proteobacteria","Alphaproteobacteria","Rhizobiales","Hyphomicrobiaceae","Devosia","_","Bac21","Non-Actinobacteria","Non-Actinobacteria","Rhizosphere","Pre_flowering_drought",2,9,"Bac-Bac"
"Bac26",0,-0.43605350182877,"Peripherals","Bac26","Prokaryote","Bacteria","Proteobacteria","Alphaproteobacteria","Rhodospirillales","Rhodospirillaceae","RhodospirillaceaeFA","_","Bac26","Non-Actinobacteria","Non-Actinobacteria","Rhizosphere","Pre_flowering_drought",2,9,"Bac-Bac"
"Bac17",0,2.28312717194157,"Peripherals","Bac17","Prokaryote","Bacteria","Firmicutes","Bacilli","Bacillales","Bacillaceae","Bacillus","_","Bac17","Non-Actinobacteria","Non-Actinobacteria","Rhizosphere","Pre_flowering_drought",2,9,"Bac-Bac"
"Bac23",0.152777777777778,2.79214903590358,"Module hub","Bac23","Prokaryote","Bacteria","Proteobacteria","Gammaproteobacteria","Xanthomonadales","Sinobacteraceae","Steroidobacter","_","Bac23","Non-Actinobacteria","Non-Actinobacteria","Rhizosphere","Pre_flowering_drought",2,9,"Bac-Bac"
"Bac25",0,0.65312103283107,"Peripherals","Bac25","Prokaryote","Bacteria","Actinobacteria","ActinobacteriaPH","Actinomycetales","Nocardioidaceae","Kribbella","_","Bac25","Actinobacteria","Actinobacteria","Rhizosphere","Pre_flowering_drought",2,9,"Bac-Bac"
"Bac32",0,0.905942077797936,"Peripherals","Bac32","Prokaryote","Bacteria","Actinobacteria","ActinobacteriaPH","Actinomycetales","Streptomycetaceae","Streptomyces","_","Bac32","Actinobacteria","Actinobacteria","Rhizosphere","Pre_flowering_drought",2,9,"Bac-Bac"
"Bac20",0.21875,1.35739235246698,"Peripherals","Bac20","Prokaryote","Bacteria","Bacteroidetes","Sphingobacteria","Sphingobacteriales","SphingobacterialesOR","SphingobacterialesOR","_","Bac20","Non-Actinobacteria","Non-Actinobacteria","Rhizosphere","Pre_flowering_drought",2,9,"Bac-Bac"
"Bac39",0.32,-0.445987136364684,"Peripherals","Bac39","Prokaryote","Bacteria","Verrucomicrobia","Verrucomicrobiae","Verrucomicrobiales","VerrucomicrobialesOR","VerrucomicrobialesOR","_","Bac39","Non-Actinobacteria","Non-Actinobacteria","Rhizosphere","Pre_flowering_drought",2,9,"Bac-Bac"
"Bac42",0.493827160493827,2.43345986504443,"Peripherals","Bac42","Prokaryote","Bacteria","Bacteroidetes","Sphingobacteria","Sphingobacteriales","Flexibacteraceae","Cytophaga","_","Bac42","Non-Actinobacteria","Non-Actinobacteria","Rhizosphere","Pre_flowering_drought",2,9,"Bac-Bac"
"Bac37",0,0.65312103283107,"Peripherals","Bac37","Prokaryote","Bacteria","Actinobacteria","ActinobacteriaPH","Actinomycetales","Promicromonosporaceae","PromicromonosporaceaeFA","_","Bac37","Actinobacteria","Actinobacteria","Rhizosphere","Pre_flowering_drought",2,9,"Bac-Bac"
"Bac31",0,0.797485472652104,"Peripherals","Bac31","Prokaryote","Bacteria","Acidobacteria","Chloracidobacteria","ChloracidobacteriaCL","ChloracidobacteriaCL","ChloracidobacteriaCL","_","Bac31","Non-Actinobacteria","Non-Actinobacteria","Rhizosphere","Pre_flowering_drought",2,9,"Bac-Bac"
"Bac43",0.260355029585799,2.79214903590358,"Module hub","Bac43","Prokaryote","Bacteria","Bacteroidetes","Sphingobacteria","Sphingobacteriales","SphingobacterialesOR","SphingobacterialesOR","_","Bac43","Non-Actinobacteria","Non-Actinobacteria","Rhizosphere","Pre_flowering_drought",2,9,"Bac-Bac"
"Bac54",0.142011834319527,0.975124416797359,"Peripherals","Bac54","Prokaryote","Bacteria","Acidobacteria","Chloracidobacteria","ChloracidobacteriaCL","ChloracidobacteriaCL","ChloracidobacteriaCL","_","Bac54","Non-Actinobacteria","Non-Actinobacteria","Rhizosphere","Pre_flowering_drought",2,9,"Bac-Bac"
"Bac35",0,-1.11662628193699,"Peripherals","Bac35","Prokaryote","Bacteria","Actinobacteria","ActinobacteriaPH","Actinomycetales","Nocardioidaceae","NocardioidaceaeFA","_","Bac35","Actinobacteria","Actinobacteria","Rhizosphere","Pre_flowering_drought",2,9,"Bac-Bac"
"Bac59",0.291666666666667,0.619846528506849,"Peripherals","Bac59","Prokaryote","Bacteria","Acidobacteria","Chloracidobacteria","ChloracidobacteriaCL","ChloracidobacteriaCL","ChloracidobacteriaCL","_","Bac59","Non-Actinobacteria","Non-Actinobacteria","Rhizosphere","Pre_flowering_drought",2,9,"Bac-Bac"
"Bac63",0,-0.97890396880045,"Peripherals","Bac63","Prokaryote","Bacteria","Bacteroidetes","Sphingobacteria","Sphingobacteriales","Flexibacteraceae","Cytophaga","_","Bac63","Non-Actinobacteria","Non-Actinobacteria","Rhizosphere","Pre_flowering_drought",2,9,"Bac-Bac"
"Bac64",0.152777777777778,0.797485472652104,"Peripherals","Bac64","Prokaryote","Bacteria","Acidobacteria","Solibacteres","Solibacterales","Solibacteraceae","SolibacteraceaeFA","_","Bac64","Non-Actinobacteria","Non-Actinobacteria","Rhizosphere","Pre_flowering_drought",2,9,"Bac-Bac"
"Bac58",0,NA,NA,"Bac58","Prokaryote","Bacteria","Actinobacteria","ActinobacteriaPH","Actinomycetales","Streptomycetaceae","Streptomyces","_","Bac58","Actinobacteria","Actinobacteria","Rhizosphere","Pre_flowering_drought",2,9,"Bac-Bac"
"Bac55",0.408163265306122,0.640014010748679,"Peripherals","Bac55","Prokaryote","Bacteria","Bacteroidetes","Sphingobacteria","Sphingobacteriales","SphingobacterialesOR","SphingobacterialesOR","_","Bac55","Non-Actinobacteria","Non-Actinobacteria","Rhizosphere","Pre_flowering_drought",2,9,"Bac-Bac"
"Bac70",0.144970414201184,3.10679174654042,"Module hub","Bac70","Prokaryote","Bacteria","Acidobacteria","Chloracidobacteria","ChloracidobacteriaCL","ChloracidobacteriaCL","ChloracidobacteriaCL","_","Bac70","Non-Actinobacteria","Non-Actinobacteria","Rhizosphere","Pre_flowering_drought",2,9,"Bac-Bac"
"Bac56",0.444444444444444,-0.801265024655195,"Peripherals","Bac56","Prokaryote","Bacteria","Proteobacteria","Betaproteobacteria","Burkholderiales","Comamonadaceae","Ramlibacter","_","Bac56","Non-Actinobacteria","Non-Actinobacteria","Rhizosphere","Pre_flowering_drought",2,9,"Bac-Bac"
"Bac79",0.408163265306122,0.619846528506849,"Peripherals","Bac79","Prokaryote","Bacteria","Bacteroidetes","Sphingobacteria","Sphingobacteriales","SphingobacterialesOR","Flavisolibacter","_","Bac79","Non-Actinobacteria","Non-Actinobacteria","Rhizosphere","Pre_flowering_drought",2,9,"Bac-Bac"
"Bac80",0,0.264568640216338,"Peripherals","Bac80","Prokaryote","Bacteria","Acidobacteria","Solibacteres","Solibacterales","Solibacteraceae","SolibacteraceaeFA","_","Bac80","Non-Actinobacteria","Non-Actinobacteria","Rhizosphere","Pre_flowering_drought",2,9,"Bac-Bac"
"Bac30",0,-0.0773643309696203,"Peripherals","Bac30","Prokaryote","Bacteria","Proteobacteria","Gammaproteobacteria","Xanthomonadales","Sinobacteraceae","SinobacteraceaeFA","_","Bac30","Non-Actinobacteria","Non-Actinobacteria","Rhizosphere","Pre_flowering_drought",2,9,"Bac-Bac"
"Bac86",0.306238185255198,2.21859702581415,"Peripherals","Bac86","Prokaryote","Bacteria","Bacteroidetes","Sphingobacteria","Sphingobacteriales","SphingobacterialesOR","SphingobacterialesOR","_","Bac86","Non-Actinobacteria","Non-Actinobacteria","Rhizosphere","Pre_flowering_drought",2,9,"Bac-Bac"
"Bac7",0,1.20498378519139,"Peripherals","Bac7","Prokaryote","Bacteria","Firmicutes","Bacilli","Bacillales","Bacillaceae","Bacillus","_","Bac7","Non-Actinobacteria","Non-Actinobacteria","Rhizosphere","Pre_flowering_drought",2,9,"Bac-Bac"
"Bac67",0,2.42837784749196,"Peripherals","Bac67","Prokaryote","Bacteria","Acidobacteria","AcidobacteriaPH","Acidobacteriales","AcidobacterialesOR","AcidobacterialesOR","_","Bac67","Non-Actinobacteria","Non-Actinobacteria","Rhizosphere","Pre_flowering_drought",2,9,"Bac-Bac"
"Bac89",0.110726643598616,1.68568019337838,"Peripherals","Bac89","Prokaryote","Bacteria","Verrucomicrobia","Verrucomicrobiae","Verrucomicrobiales","VerrucomicrobialesOR","VerrucomicrobialesOR","_","Bac89","Non-Actinobacteria","Non-Actinobacteria","Rhizosphere","Pre_flowering_drought",2,9,"Bac-Bac"
"Bac45",0,1.66440521269853,"Peripherals","Bac45","Prokaryote","Bacteria","Actinobacteria","ActinobacteriaPH","Actinomycetales","Pseudonocardiaceae","PseudonocardiaceaeFA","_","Bac45","Actinobacteria","Actinobacteria","Rhizosphere","Pre_flowering_drought",2,9,"Bac-Bac"
"Bac96",0,-0.303547230936496,"Peripherals","Bac96","Prokaryote","Bacteria","Acidobacteria","AcidobacteriaPH","Acidobacteriales","AcidobacterialesOR","AcidobacterialesOR","_","Bac96","Non-Actinobacteria","Non-Actinobacteria","Rhizosphere","Pre_flowering_drought",2,9,"Bac-Bac"
"Bac5",0,-0.610984192003259,"Peripherals","Bac5","Prokaryote","Bacteria","_","_","_","_","_","_","Bac5","Non-Actinobacteria","Non-Actinobacteria","Rhizosphere","Pre_flowering_drought",2,9,"Bac-Bac"
"Bac100",1.11022302462516e-16,0.400299987864204,"Peripherals","Bac100","Prokaryote","Bacteria","Actinobacteria","ActinobacteriaPH","Actinomycetales","Streptomycetaceae","Streptomyces","_","Bac100","Actinobacteria","Actinobacteria","Rhizosphere","Pre_flowering_drought",2,9,"Bac-Bac"
"Bac106",0,1.74539657788485,"Peripherals","Bac106","Prokaryote","Bacteria","Acidobacteria","AcidobacteriaPH","Acidobacteriales","AcidobacterialesOR","AcidobacterialesOR","_","Bac106","Non-Actinobacteria","Non-Actinobacteria","Rhizosphere","Pre_flowering_drought",2,9,"Bac-Bac"
"Bac28",0,1.20498378519139,"Peripherals","Bac28","Prokaryote","Bacteria","Firmicutes","Bacilli","Bacillales","Bacillaceae","Bacillus","_","Bac28","Non-Actinobacteria","Non-Actinobacteria","Rhizosphere","Pre_flowering_drought",2,9,"Bac-Bac"
"Bac103",0.46875,-0.268348192219429,"Peripherals","Bac103","Prokaryote","Bacteria","Bacteroidetes","Sphingobacteria","Sphingobacteriales","Saprospiraceae","SaprospiraceaeFA","_","Bac103","Non-Actinobacteria","Non-Actinobacteria","Rhizosphere","Pre_flowering_drought",2,9,"Bac-Bac"
"Bac95",0,0.379434038670619,"Peripherals","Bac95","Prokaryote","Bacteria","Proteobacteria","Betaproteobacteria","Rhodocyclales","RhodocyclalesOR","RhodocyclalesOR","_","Bac95","Non-Actinobacteria","Non-Actinobacteria","Rhizosphere","Pre_flowering_drought",2,9,"Bac-Bac"
"Bac34",0,1.36909248977133,"Peripherals","Bac34","Prokaryote","Bacteria","Proteobacteria","Alphaproteobacteria","Rhodospirillales","Rhodospirillaceae","Skermanella","_","Bac34","Non-Actinobacteria","Non-Actinobacteria","Rhizosphere","Pre_flowering_drought",2,9,"Bac-Bac"
"Bac61",0,-0.358163147036393,"Peripherals","Bac61","Prokaryote","Bacteria","Actinobacteria","ActinobacteriaPH","Actinomycetales","Nocardioidaceae","NocardioidaceaeFA","_","Bac61","Actinobacteria","Actinobacteria","Rhizosphere","Pre_flowering_drought",2,9,"Bac-Bac"
"Bac90",0,0.126840398441199,"Peripherals","Bac90","Prokaryote","Bacteria","Firmicutes","Bacilli","Bacillales","Bacillaceae","Bacillus","_","Bac90","Non-Actinobacteria","Non-Actinobacteria","Rhizosphere","Pre_flowering_drought",2,9,"Bac-Bac"
"Bac121",1.11022302462516e-16,1.33040230508787,"Peripherals","Bac121","Prokaryote","Bacteria","Bacteroidetes","Sphingobacteria","Sphingobacteriales","Flexibacteraceae","Cytophaga","_","Bac121","Non-Actinobacteria","Non-Actinobacteria","Rhizosphere","Pre_flowering_drought",2,9,"Bac-Bac"
"Bac99",0.110726643598616,1.68568019337838,"Peripherals","Bac99","Prokaryote","Bacteria","Gemmatimonadetes","GemmatimonadetesPH","Gemmatimonadales","Gemmatimonadaceae","Gemmatimonas","_","Bac99","Non-Actinobacteria","Non-Actinobacteria","Rhizosphere","Pre_flowering_drought",2,9,"Bac-Bac"
"Bac66",0,NA,NA,"Bac66","Prokaryote","Bacteria","Nitrospirae","NitrospiraePH","Nitrospirales","Nitrospiraceae","NitrospiraceaeFA","_","Bac66","Non-Actinobacteria","Non-Actinobacteria","Rhizosphere","Pre_flowering_drought",2,9,"Bac-Bac"
"Bac102",0,-0.866025403784439,"Peripherals","Bac102","Prokaryote","Bacteria","Proteobacteria","Alphaproteobacteria","Rhizobiales","Hyphomicrobiaceae","HyphomicrobiaceaeFA","_","Bac102","Non-Actinobacteria","Non-Actinobacteria","Rhizosphere","Pre_flowering_drought",2,9,"Bac-Bac"
"Bac131",0,0.264568640216338,"Peripherals","Bac131","Prokaryote","Bacteria","Bacteroidetes","Sphingobacteria","Sphingobacteriales","Flexibacteraceae","FlexibacteraceaeFA","_","Bac131","Non-Actinobacteria","Non-Actinobacteria","Rhizosphere","Pre_flowering_drought",2,9,"Bac-Bac"
"Bac147",0,0.866025403784439,"Peripherals","Bac147","Prokaryote","Bacteria","Actinobacteria","ActinobacteriaPH","Actinomycetales","Micromonosporaceae","_","_","Bac147","Actinobacteria","Actinobacteria","Rhizosphere","Pre_flowering_drought",2,9,"Bac-Bac"
"Bac125",0.444444444444444,1.06241530827773,"Peripherals","Bac125","Prokaryote","Bacteria","Acidobacteria","AcidobacteriaPH","Acidobacteriales","AcidobacterialesOR","AcidobacterialesOR","_","Bac125","Non-Actinobacteria","Non-Actinobacteria","Rhizosphere","Pre_flowering_drought",2,9,"Bac-Bac"
"Bac137",0,-0.623626080509939,"Peripherals","Bac137","Prokaryote","Bacteria","Bacteroidetes","Sphingobacteria","Sphingobacteriales","SphingobacterialesOR","SphingobacterialesOR","_","Bac137","Non-Actinobacteria","Non-Actinobacteria","Rhizosphere","Pre_flowering_drought",2,9,"Bac-Bac"
"Bac136",0.48,-0.623626080509939,"Peripherals","Bac136","Prokaryote","Bacteria","Verrucomicrobia","Verrucomicrobiae","Verrucomicrobiales","VerrucomicrobialesOR","VerrucomicrobialesOR","_","Bac136","Non-Actinobacteria","Non-Actinobacteria","Rhizosphere","Pre_flowering_drought",2,9,"Bac-Bac"
"Bac154",0.265,1.86331913752364,"Peripherals","Bac154","Prokaryote","Bacteria","Acidobacteria","Chloracidobacteria","ChloracidobacteriaCL","ChloracidobacteriaCL","ChloracidobacteriaCL","_","Bac154","Non-Actinobacteria","Non-Actinobacteria","Rhizosphere","Pre_flowering_drought",2,9,"Bac-Bac"
"Bac127",0,0.6160916203971,"Peripherals","Bac127","Prokaryote","Bacteria","Proteobacteria","Alphaproteobacteria","Rhodospirillales","Rhodospirillaceae","Skermanella","_","Bac127","Non-Actinobacteria","Non-Actinobacteria","Rhizosphere","Pre_flowering_drought",2,9,"Bac-Bac"
"Bac111",0,1.41158416773167,"Peripherals","Bac111","Prokaryote","Bacteria","Actinobacteria","ActinobacteriaPH","Actinomycetales","Pseudonocardiaceae","Saccharopolyspora","_","Bac111","Actinobacteria","Actinobacteria","Rhizosphere","Pre_flowering_drought",2,9,"Bac-Bac"
"Bac50",0.444444444444444,-0.303547230936496,"Peripherals","Bac50","Prokaryote","Bacteria","Proteobacteria","Deltaproteobacteria","Syntrophobacterales","Syntrophobacteraceae","SyntrophobacteraceaeFA","_","Bac50","Non-Actinobacteria","Non-Actinobacteria","Rhizosphere","Pre_flowering_drought",2,9,"Bac-Bac"
"Bac3",0,-0.654653670707977,"Peripherals","Bac3","Prokaryote","Bacteria","Actinobacteria","ActinobacteriaPH","Actinomycetales","Streptomycetaceae","Streptomyces","_","Bac3","Actinobacteria","Actinobacteria","Rhizosphere","Pre_flowering_drought",2,9,"Bac-Bac"
"Bac9",0,-0.654653670707977,"Peripherals","Bac9","Prokaryote","Bacteria","Actinobacteria","ActinobacteriaPH","Actinomycetales","Streptosporangiaceae","Nonomuraea","_","Bac9","Actinobacteria","Actinobacteria","Rhizosphere","Pre_flowering_drought",2,9,"Bac-Bac"
"Bac97",0.32,0.28132483988953,"Peripherals","Bac97","Prokaryote","Bacteria","Firmicutes","Bacilli","Bacillales","Paenibacillaceae","Paenibacillus","_","Bac97","Non-Actinobacteria","Non-Actinobacteria","Rhizosphere","Pre_flowering_drought",2,9,"Bac-Bac"
"Bac159",0.124444444444444,1.33040230508787,"Peripherals","Bac159","Prokaryote","Bacteria","Acidobacteria","Chloracidobacteria","ChloracidobacteriaCL","ChloracidobacteriaCL","ChloracidobacteriaCL","_","Bac159","Non-Actinobacteria","Non-Actinobacteria","Rhizosphere","Pre_flowering_drought",2,9,"Bac-Bac"
"Bac175",0,-0.445987136364684,"Peripherals","Bac175","Prokaryote","Bacteria","Acidobacteria","AcidobacteriaPH","AcidobacteriaPH","Koribacteraceae","KoribacteraceaeFA","_","Bac175","Non-Actinobacteria","Non-Actinobacteria","Rhizosphere","Pre_flowering_drought",2,9,"Bac-Bac"
"Bac87",0.277777777777778,0.640014010748679,"Peripherals","Bac87","Prokaryote","Bacteria","Proteobacteria","Deltaproteobacteria","Myxococcales","MyxococcalesOR","MyxococcalesOR","_","Bac87","Non-Actinobacteria","Non-Actinobacteria","Rhizosphere","Pre_flowering_drought",2,9,"Bac-Bac"
"Bac169",0.375,0.379434038670619,"Peripherals","Bac169","Prokaryote","Bacteria","Acidobacteria","Chloracidobacteria","ChloracidobacteriaCL","ChloracidobacteriaCL","ChloracidobacteriaCL","_","Bac169","Non-Actinobacteria","Non-Actinobacteria","Rhizosphere","Pre_flowering_drought",2,9,"Bac-Bac"
"Bac178",0,-0.97890396880045,"Peripherals","Bac178","Prokaryote","Bacteria","Proteobacteria","Deltaproteobacteria","Entotheonellales","Entotheonellaceae","EntotheonellaceaeFA","_","Bac178","Non-Actinobacteria","Non-Actinobacteria","Rhizosphere","Pre_flowering_drought",2,9,"Bac-Bac"
"Bac182",0.18,0.442207584361593,"Peripherals","Bac182","Prokaryote","Bacteria","Verrucomicrobia","Verrucomicrobiae","Verrucomicrobiales","VerrucomicrobialesOR","VerrucomicrobialesOR","_","Bac182","Non-Actinobacteria","Non-Actinobacteria","Rhizosphere","Pre_flowering_drought",2,9,"Bac-Bac"
"Bac16",0,-0.79474267268792,"Peripherals","Bac16","Prokaryote","Bacteria","Proteobacteria","Alphaproteobacteria","Sphingomonadales","Sphingomonadaceae","Sphingomonas","_","Bac16","Non-Actinobacteria","Non-Actinobacteria","Rhizosphere","Pre_flowering_drought",2,9,"Bac-Bac"
"Bac191",0.53125,-0.268348192219429,"Peripherals","Bac191","Prokaryote","Bacteria","Acidobacteria","Chloracidobacteria","ChloracidobacteriaCL","ChloracidobacteriaCL","ChloracidobacteriaCL","_","Bac191","Non-Actinobacteria","Non-Actinobacteria","Rhizosphere","Pre_flowering_drought",2,9,"Bac-Bac"
"Bac73",0,0.28132483988953,"Peripherals","Bac73","Prokaryote","Bacteria","Bacteroidetes","Sphingobacteria","Sphingobacteriales","Flexibacteraceae","Cytophaga","_","Bac73","Non-Actinobacteria","Non-Actinobacteria","Rhizosphere","Pre_flowering_drought",2,9,"Bac-Bac"
"Bac120",0,0.126840398441199,"Peripherals","Bac120","Prokaryote","Bacteria","Firmicutes","Bacilli","Bacillales","Bacillaceae","BacillaceaeFA","_","Bac120","Non-Actinobacteria","Non-Actinobacteria","Rhizosphere","Pre_flowering_drought",2,9,"Bac-Bac"
"Bac179",0.48,0.379434038670619,"Peripherals","Bac179","Prokaryote","Bacteria","Proteobacteria","Betaproteobacteria","Rhodocyclales","RhodocyclalesOR","RhodocyclalesOR","_","Bac179","Non-Actinobacteria","Non-Actinobacteria","Rhizosphere","Pre_flowering_drought",2,9,"Bac-Bac"
"Bac220",0.277777777777778,-0.268348192219429,"Peripherals","Bac220","Prokaryote","Bacteria","Verrucomicrobia","Verrucomicrobiae","Verrucomicrobiales","VerrucomicrobialesOR","VerrucomicrobialesOR","_","Bac220","Non-Actinobacteria","Non-Actinobacteria","Rhizosphere","Pre_flowering_drought",2,9,"Bac-Bac"
"Bac210",0,NA,NA,"Bac210","Prokaryote","Bacteria","Chloroflexi","Thermomicrobia","ThermomicrobiaCL","ThermomicrobiaCL","ThermomicrobiaCL","_","Bac210","Non-Actinobacteria","Non-Actinobacteria","Rhizosphere","Pre_flowering_drought",2,9,"Bac-Bac"
"Bac166",0,1.15470053837925,"Peripherals","Bac166","Prokaryote","Bacteria","Proteobacteria","Gammaproteobacteria","Pseudomonadales","Pseudomonadaceae","Pseudomonas","_","Bac166","Non-Actinobacteria","Non-Actinobacteria","Rhizosphere","Pre_flowering_drought",2,9,"Bac-Bac"
"Bac144",0,-0.358163147036393,"Peripherals","Bac144","Prokaryote","Bacteria","Actinobacteria","ActinobacteriaPH","Actinomycetales","Mycobacteriaceae","Mycobacterium","_","Bac144","Actinobacteria","Actinobacteria","Rhizosphere","Pre_flowering_drought",2,9,"Bac-Bac"
"Bac13",0,NA,NA,"Bac13","Prokaryote","Bacteria","Proteobacteria","Gammaproteobacteria","Alteromonadales","Alteromonadaceae","Cellvibrio","_","Bac13","Non-Actinobacteria","Non-Actinobacteria","Rhizosphere","Pre_flowering_drought",2,9,"Bac-Bac"
"Bac180",0,NA,NA,"Bac180","Prokaryote","Bacteria","Gemmatimonadetes","GemmatimonadetesPH","Gemmatimonadales","Gemmatimonadaceae","GemmatimonadaceaeFA","_","Bac180","Non-Actinobacteria","Non-Actinobacteria","Rhizosphere","Pre_flowering_drought",2,9,"Bac-Bac"
"Bac173",0,0.126840398441199,"Peripherals","Bac173","Prokaryote","Bacteria","Firmicutes","Bacilli","Bacillales","Alicyclobacillaceae","Alicyclobacillus","_","Bac173","Non-Actinobacteria","Non-Actinobacteria","Rhizosphere","Pre_flowering_drought",2,9,"Bac-Bac"
"Bac139",0,-0.268348192219429,"Peripherals","Bac139","Prokaryote","Bacteria","Proteobacteria","Gammaproteobacteria","Xanthomonadales","XanthomonadalesOR","XanthomonadalesOR","_","Bac139","Non-Actinobacteria","Non-Actinobacteria","Rhizosphere","Pre_flowering_drought",2,9,"Bac-Bac"
"Bac167",0,1.41158416773167,"Peripherals","Bac167","Prokaryote","Bacteria","Actinobacteria","ActinobacteriaPH","Actinomycetales","Thermomonosporaceae","Actinomadura","_","Bac167","Actinobacteria","Actinobacteria","Rhizosphere","Pre_flowering_drought",2,9,"Bac-Bac"
"Bac114",0,NA,NA,"Bac114","Prokaryote","Bacteria","Bacteroidetes","Sphingobacteria","Sphingobacteriales","Flexibacteraceae","Cytophaga","_","Bac114","Non-Actinobacteria","Non-Actinobacteria","Rhizosphere","Pre_flowering_drought",2,9,"Bac-Bac"
"Bac208",0,1.15470053837925,"Peripherals","Bac208","Prokaryote","Bacteria","Acidobacteria","AcidobacteriaPH","AcidobacteriaPH","AcidobacteriaPH","AcidobacteriaPH","_","Bac208","Non-Actinobacteria","Non-Actinobacteria","Rhizosphere","Pre_flowering_drought",2,9,"Bac-Bac"
"Bac33",0,-0.0773643309696203,"Peripherals","Bac33","Prokaryote","Bacteria","Proteobacteria","Alphaproteobacteria","Rhizobiales","Bradyrhizobiaceae","Bradyrhizobium","_","Bac33","Non-Actinobacteria","Non-Actinobacteria","Rhizosphere","Pre_flowering_drought",2,9,"Bac-Bac"
"Bac78",0,0.998703181607829,"Peripherals","Bac78","Prokaryote","Bacteria","Chloroflexi","Anaerolineae","envOPS12","envOPS12OR","envOPS12OR","_","Bac78","Non-Actinobacteria","Non-Actinobacteria","Rhizosphere","Pre_flowering_drought",2,9,"Bac-Bac"
"Bac69",0,-0.577350269189626,"Peripherals","Bac69","Prokaryote","Bacteria","Verrucomicrobia","Opitutae","Opitutales","Opitutaceae","Opitutus","_","Bac69","Non-Actinobacteria","Non-Actinobacteria","Rhizosphere","Pre_flowering_drought",2,9,"Bac-Bac"
"Bac51",0,NA,NA,"Bac51","Prokaryote","Bacteria","Acidobacteria","Chloracidobacteria","ChloracidobacteriaCL","ChloracidobacteriaCL","ChloracidobacteriaCL","_","Bac51","Non-Actinobacteria","Non-Actinobacteria","Rhizosphere","Pre_flowering_drought",2,9,"Bac-Bac"
"Bac156",0,-0.43605350182877,"Peripherals","Bac156","Prokaryote","Bacteria","Bacteroidetes","Sphingobacteria","Sphingobacteriales","Flexibacteraceae","Cytophaga","_","Bac156","Non-Actinobacteria","Non-Actinobacteria","Rhizosphere","Pre_flowering_drought",2,9,"Bac-Bac"
"Bac233",0,NA,NA,"Bac233","Prokaryote","Bacteria","Proteobacteria","Betaproteobacteria","BetaproteobacteriaCL","BetaproteobacteriaCL","BetaproteobacteriaCL","_","Bac233","Non-Actinobacteria","Non-Actinobacteria","Rhizosphere","Pre_flowering_drought",2,9,"Bac-Bac"
"Bac128",0,-0.610984192003259,"Peripherals","Bac128","Prokaryote","Bacteria","Actinobacteria","ActinobacteriaPH","Actinomycetales","Intrasporangiaceae","IntrasporangiaceaeFA","_","Bac128","Actinobacteria","Actinobacteria","Rhizosphere","Pre_flowering_drought",2,9,"Bac-Bac"
"Bac246",0,-0.863805236970125,"Peripherals","Bac246","Prokaryote","Bacteria","Chloroflexi","Ktedonobacteria","KtedonobacteriaCL","KtedonobacteriaCL","KtedonobacteriaCL","_","Bac246","Non-Actinobacteria","Non-Actinobacteria","Rhizosphere","Pre_flowering_drought",2,9,"Bac-Bac"
"Bac177",0,-0.136909248977133,"Peripherals","Bac177","Prokaryote","Bacteria","Proteobacteria","Alphaproteobacteria","Rhizobiales","Bradyrhizobiaceae","Balneimonas","_","Bac177","Non-Actinobacteria","Non-Actinobacteria","Rhizosphere","Pre_flowering_drought",2,9,"Bac-Bac"
"Bac250",0,NA,NA,"Bac250","Prokaryote","Bacteria","Proteobacteria","Alphaproteobacteria","AlphaproteobacteriaCL","AlphaproteobacteriaCL","AlphaproteobacteriaCL","_","Bac250","Non-Actinobacteria","Non-Actinobacteria","Rhizosphere","Pre_flowering_drought",2,9,"Bac-Bac"
"Bac286",0,-0.670820393249937,"Peripherals","Bac286","Prokaryote","Bacteria","Verrucomicrobia","Verrucomicrobiae","Verrucomicrobiales","VerrucomicrobialesOR","VerrucomicrobialesOR","_","Bac286","Non-Actinobacteria","Non-Actinobacteria","Rhizosphere","Pre_flowering_drought",2,9,"Bac-Bac"
"Bac378",0,NA,NA,"Bac378","Prokaryote","Bacteria","Actinobacteria","ActinobacteriaPH","Actinomycetales","Streptosporangiaceae","Streptosporangium","_","Bac378","Actinobacteria","Actinobacteria","Rhizosphere","Pre_flowering_drought",2,9,"Bac-Bac"
"Bac174",0,-0.670820393249937,"Peripherals","Bac174","Prokaryote","Bacteria","Chloroflexi","Thermomicrobia","ThermomicrobiaCL","ThermomicrobiaCL","ThermomicrobiaCL","_","Bac174","Non-Actinobacteria","Non-Actinobacteria","Rhizosphere","Pre_flowering_drought",2,9,"Bac-Bac"
"Bac206",0,NA,NA,"Bac206","Prokaryote","Bacteria","Gemmatimonadetes","GemmatimonadetesPH","Gemmatimonadales","GemmatimonadalesOR","GemmatimonadalesOR","_","Bac206","Non-Actinobacteria","Non-Actinobacteria","Rhizosphere","Pre_flowering_drought",2,9,"Bac-Bac"
"Bac357",0,0.126840398441199,"Peripherals","Bac357","Prokaryote","Bacteria","Firmicutes","Bacilli","Bacillales","Bacillaceae","Bacillus","_","Bac357","Non-Actinobacteria","Non-Actinobacteria","Rhizosphere","Pre_flowering_drought",2,9,"Bac-Bac"
"Bac295",0,-0.801265024655195,"Peripherals","Bac295","Prokaryote","Bacteria","Acidobacteria","AcidobacteriaPH","Acidobacteriales","AcidobacterialesOR","AcidobacterialesOR","_","Bac295","Non-Actinobacteria","Non-Actinobacteria","Rhizosphere","Pre_flowering_drought",2,9,"Bac-Bac"
"Bac219",0,NA,NA,"Bac219","Prokaryote","Bacteria","Bacteroidetes","Sphingobacteria","Sphingobacteriales","Flexibacteraceae","Cytophaga","_","Bac219","Non-Actinobacteria","Non-Actinobacteria","Rhizosphere","Pre_flowering_drought",2,9,"Bac-Bac"
"Bac202",0,-0.79474267268792,"Peripherals","Bac202","Prokaryote","Bacteria","Proteobacteria","Gammaproteobacteria","Xanthomonadales","Sinobacteraceae","SinobacteraceaeFA","_","Bac202","Non-Actinobacteria","Non-Actinobacteria","Rhizosphere","Pre_flowering_drought",2,9,"Bac-Bac"
"Bac320",0,-0.0773643309696203,"Peripherals","Bac320","Prokaryote","Bacteria","Chloroflexi","Anaerolineae","envOPS12","envOPS12OR","envOPS12OR","_","Bac320","Non-Actinobacteria","Non-Actinobacteria","Rhizosphere","Pre_flowering_drought",2,9,"Bac-Bac"
"Bac211",0,0.126840398441199,"Peripherals","Bac211","Prokaryote","Bacteria","Actinobacteria","ActinobacteriaPH","Rubrobacterales","Rubrobacteraceae","RubrobacteraceaeFA","_","Bac211","Actinobacteria","Actinobacteria","Rhizosphere","Pre_flowering_drought",2,9,"Bac-Bac"
"Bac148",0,-0.43605350182877,"Peripherals","Bac148","Prokaryote","Bacteria","Bacteroidetes","Sphingobacteria","Sphingobacteriales","Flexibacteraceae","Cytophaga","_","Bac148","Non-Actinobacteria","Non-Actinobacteria","Rhizosphere","Pre_flowering_drought",2,9,"Bac-Bac"
"Bac60",0,NA,NA,"Bac60","Prokaryote","Bacteria","Acidobacteria","Chloracidobacteria","ChloracidobacteriaCL","ChloracidobacteriaCL","ChloracidobacteriaCL","_","Bac60","Non-Actinobacteria","Non-Actinobacteria","Rhizosphere","Pre_flowering_drought",2,9,"Bac-Bac"
"Bac53",0,NA,NA,"Bac53","Prokaryote","Bacteria","Proteobacteria","Betaproteobacteria","Burkholderiales","Comamonadaceae","Variovorax","_","Bac53","Non-Actinobacteria","Non-Actinobacteria","Rhizosphere","Pre_flowering_drought",2,9,"Bac-Bac"
"Bac371",0,1.20498378519139,"Peripherals","Bac371","Prokaryote","Bacteria","Cyanobacteria","Chloroplast","Stramenopiles","StramenopilesOR","StramenopilesOR","_","Bac371","Non-Actinobacteria","Non-Actinobacteria","Rhizosphere","Pre_flowering_drought",2,9,"Bac-Bac"
"Bac251",0,NA,NA,"Bac251","Prokaryote","Bacteria","Proteobacteria","Alphaproteobacteria","Rhizobiales","Hyphomicrobiaceae","Pedomicrobium","_","Bac251","Non-Actinobacteria","Non-Actinobacteria","Rhizosphere","Pre_flowering_drought",2,9,"Bac-Bac"
"Bac262",0,0.619846528506849,"Peripherals","Bac262","Prokaryote","Bacteria","Acidobacteria","Chloracidobacteria","ChloracidobacteriaCL","ChloracidobacteriaCL","ChloracidobacteriaCL","_","Bac262","Non-Actinobacteria","Non-Actinobacteria","Rhizosphere","Pre_flowering_drought",2,9,"Bac-Bac"
"Bac176",0.277777777777778,1.96396101212393,"Peripherals","Bac176","Prokaryote","Bacteria","Firmicutes","Bacilli","Bacillales","Paenibacillaceae","Paenibacillus","_","Bac176","Non-Actinobacteria","Non-Actinobacteria","Rhizosphere","Pre_flowering_drought",2,9,"Bac-Bac"
"Bac447",0,-0.654653670707977,"Peripherals","Bac447","Prokaryote","Bacteria","Firmicutes","Bacilli","Bacillales","Paenibacillaceae","Paenibacillus","_","Bac447","Non-Actinobacteria","Non-Actinobacteria","Rhizosphere","Pre_flowering_drought",2,9,"Bac-Bac"
"Bac266",0,0.147478942897339,"Peripherals","Bac266","Prokaryote","Bacteria","Actinobacteria","ActinobacteriaPH","Actinomycetales","Nocardioidaceae","Nocardioides","_","Bac266","Actinobacteria","Actinobacteria","Rhizosphere","Pre_flowering_drought",2,9,"Bac-Bac"
"Bac354",0,0.905942077797936,"Peripherals","Bac354","Prokaryote","Bacteria","Actinobacteria","ActinobacteriaPH","Actinomycetales","Thermomonosporaceae","Actinoallomurus","_","Bac354","Actinobacteria","Actinobacteria","Rhizosphere","Pre_flowering_drought",2,9,"Bac-Bac"
"Bac216",0,-0.303547230936496,"Peripherals","Bac216","Prokaryote","Bacteria","Gemmatimonadetes","GemmatimonadetesPH","GemmatimonadetesPH","GemmatimonadetesPH","GemmatimonadetesPH","_","Bac216","Non-Actinobacteria","Non-Actinobacteria","Rhizosphere","Pre_flowering_drought",2,9,"Bac-Bac"
"Bac438",0.375,-0.623626080509939,"Peripherals","Bac438","Prokaryote","Bacteria","Verrucomicrobia","Verrucomicrobiae","Verrucomicrobiales","VerrucomicrobialesOR","VerrucomicrobialesOR","_","Bac438","Non-Actinobacteria","Non-Actinobacteria","Rhizosphere","Pre_flowering_drought",2,9,"Bac-Bac"
"Bac681",0.489795918367347,0.379434038670619,"Peripherals","Bac681","Prokaryote","Bacteria","Verrucomicrobia","Verrucomicrobiae","Verrucomicrobiales","VerrucomicrobialesOR","VerrucomicrobialesOR","_","Bac681","Non-Actinobacteria","Non-Actinobacteria","Rhizosphere","Pre_flowering_drought",2,9,"Bac-Bac"
"Bac150",0,0.866025403784439,"Peripherals","Bac150","Prokaryote","Bacteria","Actinobacteria","ActinobacteriaPH","Actinomycetales","Micromonosporaceae","Dactylosporangium","_","Bac150","Actinobacteria","Actinobacteria","Rhizosphere","Pre_flowering_drought",2,9,"Bac-Bac"
"Bac648",0,1.66440521269853,"Peripherals","Bac648","Prokaryote","Bacteria","Actinobacteria","ActinobacteriaPH","Actinomycetales","Nocardioidaceae","Actinopolymorpha","_","Bac648","Actinobacteria","Actinobacteria","Rhizosphere","Pre_flowering_drought",2,9,"Bac-Bac"
"Bac300",0,NA,NA,"Bac300","Prokaryote","Bacteria","Actinobacteria","ActinobacteriaPH","Actinomycetales","Micromonosporaceae","MicromonosporaceaeFA","_","Bac300","Actinobacteria","Actinobacteria","Rhizosphere","Pre_flowering_drought",2,9,"Bac-Bac"
"Bac323",0,NA,NA,"Bac323","Prokaryote","Bacteria","Proteobacteria","Deltaproteobacteria","Myxococcales","MyxococcalesOR","MyxococcalesOR","_","Bac323","Non-Actinobacteria","Non-Actinobacteria","Rhizosphere","Pre_flowering_drought",2,9,"Bac-Bac"
"Bac29",0,NA,NA,"Bac29","Prokaryote","Bacteria","Proteobacteria","Alphaproteobacteria","Rhizobiales","Bradyrhizobiaceae","Balneimonas","_","Bac29","Non-Actinobacteria","Non-Actinobacteria","Rhizosphere","Pre_flowering_drought",2,9,"Bac-Bac"
"Bac189",0.48,-0.623626080509939,"Peripherals","Bac189","Prokaryote","Bacteria","Acidobacteria","Chloracidobacteria","ChloracidobacteriaCL","ChloracidobacteriaCL","ChloracidobacteriaCL","_","Bac189","Non-Actinobacteria","Non-Actinobacteria","Rhizosphere","Pre_flowering_drought",2,9,"Bac-Bac"
"Bac426",0,-0.445987136364684,"Peripherals","Bac426","Prokaryote","Bacteria","Acidobacteria","Chloracidobacteria","ChloracidobacteriaCL","ChloracidobacteriaCL","ChloracidobacteriaCL","_","Bac426","Non-Actinobacteria","Non-Actinobacteria","Rhizosphere","Pre_flowering_drought",2,9,"Bac-Bac"
"Bac160",0,-0.136909248977133,"Peripherals","Bac160","Prokaryote","Bacteria","Actinobacteria","ActinobacteriaPH","Actinomycetales","Geodermatophilaceae","Blastococcus","_","Bac160","Actinobacteria","Actinobacteria","Rhizosphere","Pre_flowering_drought",2,9,"Bac-Bac"
"Bac193",0,-0.889910118351366,"Peripherals","Bac193","Prokaryote","Bacteria","Proteobacteria","Deltaproteobacteria","Myxococcales","Polyangiaceae","Sorangium","_","Bac193","Non-Actinobacteria","Non-Actinobacteria","Rhizosphere","Pre_flowering_drought",2,9,"Bac-Bac"
"Bac289",0,-0.889910118351366,"Peripherals","Bac289","Prokaryote","Bacteria","Actinobacteria","ActinobacteriaPH","Solirubrobacterales","Solirubrobacteraceae","SolirubrobacteraceaeFA","_","Bac289","Actinobacteria","Actinobacteria","Rhizosphere","Pre_flowering_drought",2,9,"Bac-Bac"
"Bac565",0,1.36909248977133,"Peripherals","Bac565","Prokaryote","Bacteria","Proteobacteria","Deltaproteobacteria","Myxococcales","Myxococcaceae","_","_","Bac565","Non-Actinobacteria","Non-Actinobacteria","Rhizosphere","Pre_flowering_drought",2,9,"Bac-Bac"
"Bac366",0,NA,NA,"Bac366","Prokaryote","Bacteria","Proteobacteria","Alphaproteobacteria","Sphingomonadales","Erythrobacteraceae","Lutibacterium","_","Bac366","Non-Actinobacteria","Non-Actinobacteria","Rhizosphere","Pre_flowering_drought",2,9,"Bac-Bac"
"Bac36",0,-0.5,"Peripherals","Bac36","Prokaryote","Bacteria","Nitrospirae","NitrospiraePH","Nitrospirales","Nitrospiraceae","NitrospiraceaeFA","_","Bac36","Non-Actinobacteria","Non-Actinobacteria","Rhizosphere","Pre_flowering_drought",2,9,"Bac-Bac"
"Bac184",0,-0.5,"Peripherals","Bac184","Prokaryote","Bacteria","Nitrospirae","NitrospiraePH","Nitrospirales","Nitrospiraceae","NitrospiraceaeFA","_","Bac184","Non-Actinobacteria","Non-Actinobacteria","Rhizosphere","Pre_flowering_drought",2,9,"Bac-Bac"
"Bac279",0,-0.5,"Peripherals","Bac279","Prokaryote","Bacteria","Proteobacteria","Deltaproteobacteria","Myxococcales","Haliangiaceae","HaliangiaceaeFA","_","Bac279","Non-Actinobacteria","Non-Actinobacteria","Rhizosphere","Pre_flowering_drought",2,9,"Bac-Bac"
"Bac404",0,NA,NA,"Bac404","Prokaryote","Bacteria","Proteobacteria","Deltaproteobacteria","Myxococcales","Haliangiaceae","HaliangiaceaeFA","_","Bac404","Non-Actinobacteria","Non-Actinobacteria","Rhizosphere","Pre_flowering_drought",2,9,"Bac-Bac"
"Bac572",0,NA,NA,"Bac572","Prokaryote","Bacteria","Cyanobacteria","Nostocophycideae","Nostocales","Nostocaceae","Nodularia","_","Bac572","Non-Actinobacteria","Non-Actinobacteria","Rhizosphere","Pre_flowering_drought",2,9,"Bac-Bac"
"Bac187",0,-0.801265024655195,"Peripherals","Bac187","Prokaryote","Bacteria","Bacteroidetes","Sphingobacteria","Sphingobacteriales","SphingobacterialesOR","Flavisolibacter","_","Bac187","Non-Actinobacteria","Non-Actinobacteria","Rhizosphere","Pre_flowering_drought",2,9,"Bac-Bac"
"Bac181",0.5,-0.577350269189626,"Peripherals","Bac181","Prokaryote","Bacteria","Proteobacteria","Betaproteobacteria","BetaproteobacteriaCL","BetaproteobacteriaCL","BetaproteobacteriaCL","_","Bac181","Non-Actinobacteria","Non-Actinobacteria","Rhizosphere","Pre_flowering_drought",2,9,"Bac-Bac"
"Bac301",0.5,-0.577350269189626,"Peripherals","Bac301","Prokaryote","Bacteria","Verrucomicrobia","Verrucomicrobiae","Verrucomicrobiales","VerrucomicrobialesOR","VerrucomicrobialesOR","_","Bac301","Non-Actinobacteria","Non-Actinobacteria","Rhizosphere","Pre_flowering_drought",2,9,"Bac-Bac"
"Bac643",0,0.28132483988953,"Peripherals","Bac643","Prokaryote","Bacteria","Bacteroidetes","Sphingobacteria","Sphingobacteriales","Flexibacteraceae","Cytophaga","_","Bac643","Non-Actinobacteria","Non-Actinobacteria","Rhizosphere","Pre_flowering_drought",2,9,"Bac-Bac"
"Bac624",0,0.654653670707977,"Peripherals","Bac624","Prokaryote","Bacteria","Firmicutes","Bacilli","Bacillales","Paenibacillaceae","Paenibacillus","_","Bac624","Non-Actinobacteria","Non-Actinobacteria","Rhizosphere","Pre_flowering_drought",2,9,"Bac-Bac"
"Bac617",0,NA,NA,"Bac617","Prokaryote","Bacteria","Gemmatimonadetes","GemmatimonadetesPH","Gemmatimonadales","Gemmatimonadaceae","GemmatimonadaceaeFA","_","Bac617","Non-Actinobacteria","Non-Actinobacteria","Rhizosphere","Pre_flowering_drought",2,9,"Bac-Bac"
"Bac749",0,NA,NA,"Bac749","Prokaryote","Bacteria","Proteobacteria","Alphaproteobacteria","Rhodospirillales","Rhodospirillaceae","RhodospirillaceaeFA","_","Bac749","Non-Actinobacteria","Non-Actinobacteria","Rhizosphere","Pre_flowering_drought",2,9,"Bac-Bac"
"Bac157",0,1.15470053837925,"Peripherals","Bac157","Prokaryote","Bacteria","Proteobacteria","Alphaproteobacteria","Rhizobiales","Hyphomicrobiaceae","Rhodoplanes","_","Bac157","Non-Actinobacteria","Non-Actinobacteria","Rhizosphere","Pre_flowering_drought",2,9,"Bac-Bac"
"Bac810",0,-0.43605350182877,"Peripherals","Bac810","Prokaryote","Bacteria","Bacteroidetes","Sphingobacteria","Sphingobacteriales","SphingobacterialesOR","SphingobacterialesOR","_","Bac810","Non-Actinobacteria","Non-Actinobacteria","Rhizosphere","Pre_flowering_drought",2,9,"Bac-Bac"
"Bac2",0,NA,NA,"Bac2","Prokaryote","Bacteria","Cyanobacteria","Chloroplast","Streptophyta","StreptophytaOR","StreptophytaOR","_","Bac2","Non-Actinobacteria","Non-Actinobacteria","Rhizosphere","Pre_flowering_drought",2,9,"Bac-Bac"
"Bac27",0,-0.0773643309696203,"Peripherals","Bac27","Prokaryote","Bacteria","Actinobacteria","ActinobacteriaPH","Actinomycetales","Glycomycetaceae","Glycomyces","_","Bac27","Actinobacteria","Actinobacteria","Rhizosphere","Pre_flowering_drought",2,9,"Bac-Bac"
"Bac697",0,NA,NA,"Bac697","Prokaryote","Bacteria","Proteobacteria","Deltaproteobacteria","Myxococcales","Polyangiaceae","Chondromyces","_","Bac697","Non-Actinobacteria","Non-Actinobacteria","Rhizosphere","Pre_flowering_drought",2,9,"Bac-Bac"
"Bac676",0,NA,NA,"Bac676","Prokaryote","Bacteria","Acidobacteria","AcidobacteriaPH","Acidobacteriales","AcidobacterialesOR","AcidobacterialesOR","_","Bac676","Non-Actinobacteria","Non-Actinobacteria","Rhizosphere","Pre_flowering_drought",2,9,"Bac-Bac"
"Bac409",0,1.56524758424985,"Peripherals","Bac409","Prokaryote","Bacteria","Actinobacteria","ActinobacteriaPH","Acidimicrobiales","AcidimicrobialesOR","AcidimicrobialesOR","_","Bac409","Actinobacteria","Actinobacteria","Rhizosphere","Pre_flowering_drought",2,9,"Bac-Bac"
"Bac673",0,NA,NA,"Bac673","Prokaryote","Bacteria","Proteobacteria","Alphaproteobacteria","Rhodospirillales","Rhodospirillaceae","Skermanella","_","Bac673","Non-Actinobacteria","Non-Actinobacteria","Rhizosphere","Pre_flowering_drought",2,9,"Bac-Bac"
"Bac361",0,-0.577350269189626,"Peripherals","Bac361","Prokaryote","Bacteria","Bacteroidetes","Sphingobacteria","Sphingobacteriales","Flexibacteraceae","Adhaeribacter","_","Bac361","Non-Actinobacteria","Non-Actinobacteria","Rhizosphere","Pre_flowering_drought",2,9,"Bac-Bac"
"Bac911",0,NA,NA,"Bac911","Prokaryote","Bacteria","Bacteroidetes","Sphingobacteria","Sphingobacteriales","SphingobacterialesOR","SphingobacterialesOR","_","Bac911","Non-Actinobacteria","Non-Actinobacteria","Rhizosphere","Pre_flowering_drought",2,9,"Bac-Bac"
"Bac188",0,-0.43605350182877,"Peripherals","Bac188","Prokaryote","Bacteria","Bacteroidetes","Sphingobacteria","Sphingobacteriales","Flexibacteraceae","FlexibacteraceaeFA","_","Bac188","Non-Actinobacteria","Non-Actinobacteria","Rhizosphere","Pre_flowering_drought",2,9,"Bac-Bac"
"Bac464",0,NA,NA,"Bac464","Prokaryote","Bacteria","Bacteroidetes","Sphingobacteria","Sphingobacteriales","SphingobacterialesOR","SphingobacterialesOR","_","Bac464","Non-Actinobacteria","Non-Actinobacteria","Rhizosphere","Pre_flowering_drought",2,9,"Bac-Bac"
"Bac841",0,NA,NA,"Bac841","Prokaryote","Bacteria","Acidobacteria","Chloracidobacteria","ChloracidobacteriaCL","ChloracidobacteriaCL","ChloracidobacteriaCL","_","Bac841","Non-Actinobacteria","Non-Actinobacteria","Rhizosphere","Pre_flowering_drought",2,9,"Bac-Bac"
"Bac393",0,1.56524758424985,"Peripherals","Bac393","Prokaryote","Bacteria","Gemmatimonadetes","GemmatimonadetesPH","GemmatimonadetesPH","GemmatimonadetesPH","GemmatimonadetesPH","_","Bac393","Non-Actinobacteria","Non-Actinobacteria","Rhizosphere","Pre_flowering_drought",2,9,"Bac-Bac"
"Bac767",0,NA,NA,"Bac767","Prokaryote","Bacteria","Chloroflexi","SOGA31","SOGA31CL","SOGA31CL","SOGA31CL","_","Bac767","Non-Actinobacteria","Non-Actinobacteria","Rhizosphere","Pre_flowering_drought",2,9,"Bac-Bac"
"Bac689",0,NA,NA,"Bac689","Prokaryote","Bacteria","Verrucomicrobia","Verrucomicrobiae","Verrucomicrobiales","VerrucomicrobialesOR","VerrucomicrobialesOR","_","Bac689","Non-Actinobacteria","Non-Actinobacteria","Rhizosphere","Pre_flowering_drought",2,9,"Bac-Bac"
"Bac427",0,NA,NA,"Bac427","Prokaryote","Bacteria","Acidobacteria","AcidobacteriaPH","Acidobacteriales","AcidobacterialesOR","AcidobacterialesOR","_","Bac427","Non-Actinobacteria","Non-Actinobacteria","Rhizosphere","Pre_flowering_drought",2,9,"Bac-Bac"
"Bac588",0,NA,NA,"Bac588","Prokaryote","Bacteria","Acidobacteria","Chloracidobacteria","ChloracidobacteriaCL","ChloracidobacteriaCL","ChloracidobacteriaCL","_","Bac588","Non-Actinobacteria","Non-Actinobacteria","Rhizosphere","Pre_flowering_drought",2,9,"Bac-Bac"
"Bac857",0,NA,NA,"Bac857","Prokaryote","Bacteria","Proteobacteria","Deltaproteobacteria","Myxococcales","Haliangiaceae","HaliangiaceaeFA","_","Bac857","Non-Actinobacteria","Non-Actinobacteria","Rhizosphere","Pre_flowering_drought",2,9,"Bac-Bac"
"Bac560",0,NA,NA,"Bac560","Prokaryote","Bacteria","Proteobacteria","Deltaproteobacteria","MIZ46","MIZ46OR","MIZ46OR","_","Bac560","Non-Actinobacteria","Non-Actinobacteria","Rhizosphere","Pre_flowering_drought",2,9,"Bac-Bac"
"Bac1070",0,0.28132483988953,"Peripherals","Bac1070","Prokaryote","Bacteria","Firmicutes","Bacilli","Bacillales","Thermoactinomycetaceae","ThermoactinomycetaceaeFA","_","Bac1070","Non-Actinobacteria","Non-Actinobacteria","Rhizosphere","Pre_flowering_drought",2,9,"Bac-Bac"
"Bac599",0,NA,NA,"Bac599","Prokaryote","Bacteria","TM7","TM7PH","EW055","EW055OR","EW055OR","_","Bac599","Non-Actinobacteria","Non-Actinobacteria","Rhizosphere","Pre_flowering_drought",2,9,"Bac-Bac"
"Bac352",0,-0.43605350182877,"Peripherals","Bac352","Prokaryote","Bacteria","Proteobacteria","Deltaproteobacteria","Myxococcales","MyxococcalesOR","MyxococcalesOR","_","Bac352","Non-Actinobacteria","Non-Actinobacteria","Rhizosphere","Pre_flowering_drought",2,9,"Bac-Bac"
"Bac687",0,-0.670820393249937,"Peripherals","Bac687","Prokaryote","Bacteria","Proteobacteria","Alphaproteobacteria","Rhodospirillales","Rhodospirillaceae","RhodospirillaceaeFA","_","Bac687","Non-Actinobacteria","Non-Actinobacteria","Rhizosphere","Pre_flowering_drought",2,9,"Bac-Bac"
"Bac908",0,NA,NA,"Bac908","Prokaryote","Bacteria","Chloroflexi","Bljii12","AKYG885","AKYG885OR","AKYG885OR","_","Bac908","Non-Actinobacteria","Non-Actinobacteria","Rhizosphere","Pre_flowering_drought",2,9,"Bac-Bac"
"Bac709",0,NA,NA,"Bac709","Prokaryote","Bacteria","Actinobacteria","ActinobacteriaPH","Solirubrobacterales","SolirubrobacteralesOR","SolirubrobacteralesOR","_","Bac709","Actinobacteria","Actinobacteria","Rhizosphere","Pre_flowering_drought",2,9,"Bac-Bac"
"Bac1018",0,0.447213595499958,"Peripherals","Bac1018","Prokaryote","Bacteria","Chloroflexi","Anaerolineae","Caldilineales","CaldilinealesOR","CaldilinealesOR","_","Bac1018","Non-Actinobacteria","Non-Actinobacteria","Rhizosphere","Pre_flowering_drought",2,9,"Bac-Bac"
"Bac1052",0,1.15470053837925,"Peripherals","Bac1052","Prokaryote","Bacteria","Chloroflexi","Bljii12","AKYG885","AKYG885OR","AKYG885OR","_","Bac1052","Non-Actinobacteria","Non-Actinobacteria","Rhizosphere","Pre_flowering_drought",2,9,"Bac-Bac"
"Bac893",0,NA,NA,"Bac893","Prokaryote","Bacteria","Bacteroidetes","Sphingobacteria","Sphingobacteriales","SphingobacterialesOR","Flavisolibacter","_","Bac893","Non-Actinobacteria","Non-Actinobacteria","Rhizosphere","Pre_flowering_drought",2,9,"Bac-Bac"
"Bac228",0,NA,NA,"Bac228","Prokaryote","Bacteria","Actinobacteria","ActinobacteriaPH","Actinomycetales","Micrococcaceae","Kocuria","_","Bac228","Actinobacteria","Actinobacteria","Rhizosphere","Pre_flowering_drought",2,9,"Bac-Bac"
"Bac1359",0,NA,NA,"Bac1359","Prokaryote","Bacteria","Acidobacteria","Chloracidobacteria","ChloracidobacteriaCL","ChloracidobacteriaCL","ChloracidobacteriaCL","_","Bac1359","Non-Actinobacteria","Non-Actinobacteria","Rhizosphere","Pre_flowering_drought",2,9,"Bac-Bac"
"Bac1302",0,NA,NA,"Bac1302","Prokaryote","Bacteria","Proteobacteria","Alphaproteobacteria","Rhizobiales","RhizobialesOR","RhizobialesOR","_","Bac1302","Non-Actinobacteria","Non-Actinobacteria","Rhizosphere","Pre_flowering_drought",2,9,"Bac-Bac"
"Bac986",0,NA,NA,"Bac986","Prokaryote","Bacteria","Proteobacteria","Alphaproteobacteria","Rhodospirillales","Rhodospirillaceae","RhodospirillaceaeFA","_","Bac986","Non-Actinobacteria","Non-Actinobacteria","Rhizosphere","Pre_flowering_drought",2,9,"Bac-Bac"
"Bac1112",0,NA,NA,"Bac1112","Prokaryote","Bacteria","Proteobacteria","Betaproteobacteria","Rhodocyclales","RhodocyclalesOR","RhodocyclalesOR","_","Bac1112","Non-Actinobacteria","Non-Actinobacteria","Rhizosphere","Pre_flowering_drought",2,9,"Bac-Bac"
"Bac1058",0,NA,NA,"Bac1058","Prokaryote","Bacteria","Gemmatimonadetes","GemmatimonadetesPH","GemmatimonadetesPH","GemmatimonadetesPH","GemmatimonadetesPH","_","Bac1058","Non-Actinobacteria","Non-Actinobacteria","Rhizosphere","Pre_flowering_drought",2,9,"Bac-Bac"
"Bac1042",0,NA,NA,"Bac1042","Prokaryote","Bacteria","Chloroflexi","Thermomicrobia","ThermomicrobiaCL","ThermomicrobiaCL","ThermomicrobiaCL","_","Bac1042","Non-Actinobacteria","Non-Actinobacteria","Rhizosphere","Pre_flowering_drought",2,9,"Bac-Bac"
"Bac573",0,NA,NA,"Bac573","Prokaryote","Bacteria","Chloroflexi","Thermomicrobia","ThermomicrobiaCL","ThermomicrobiaCL","ThermomicrobiaCL","_","Bac573","Non-Actinobacteria","Non-Actinobacteria","Rhizosphere","Pre_flowering_drought",2,9,"Bac-Bac"
"Bac678",0,NA,NA,"Bac678","Prokaryote","Bacteria","Bacteroidetes","Sphingobacteria","Sphingobacteriales","SphingobacterialesOR","Flavisolibacter","_","Bac678","Non-Actinobacteria","Non-Actinobacteria","Rhizosphere","Pre_flowering_drought",2,9,"Bac-Bac"
"Bac1223",0,NA,NA,"Bac1223","Prokaryote","Bacteria","Proteobacteria","Deltaproteobacteria","Syntrophobacterales","Syntrophobacteraceae","SyntrophobacteraceaeFA","_","Bac1223","Non-Actinobacteria","Non-Actinobacteria","Rhizosphere","Pre_flowering_drought",2,9,"Bac-Bac"
"Bac1020",0,NA,NA,"Bac1020","Prokaryote","Bacteria","Actinobacteria","ActinobacteriaPH","MC47","MC47OR","MC47OR","_","Bac1020","Actinobacteria","Actinobacteria","Rhizosphere","Pre_flowering_drought",2,9,"Bac-Bac"
"Bac585",0,NA,NA,"Bac585","Prokaryote","Bacteria","Actinobacteria","ActinobacteriaPH","Actinomycetales","Microbacteriaceae","Leucobacter","_","Bac585","Actinobacteria","Actinobacteria","Rhizosphere","Pre_flowering_drought",2,9,"Bac-Bac"
"Bac715",0,NA,NA,"Bac715","Prokaryote","Bacteria","Verrucomicrobia","Verrucomicrobiae","Verrucomicrobiales","VerrucomicrobialesOR","VerrucomicrobialesOR","_","Bac715","Non-Actinobacteria","Non-Actinobacteria","Rhizosphere","Pre_flowering_drought",2,9,"Bac-Bac"
"Bac135",0,-0.577350269189626,"Peripherals","Bac135","Prokaryote","Bacteria","Chloroflexi","Thermomicrobia","Thermomicrobiales","ThermomicrobialesOR","ThermomicrobialesOR","_","Bac135","Non-Actinobacteria","Non-Actinobacteria","Rhizosphere","Pre_flowering_drought",2,9,"Bac-Bac"
"Bac1025",0,-0.577350269189626,"Peripherals","Bac1025","Prokaryote","Bacteria","Planctomycetes","Planctomycea","Pirellulales","PirellulalesOR","PirellulalesOR","_","Bac1025","Non-Actinobacteria","Non-Actinobacteria","Rhizosphere","Pre_flowering_drought",2,9,"Bac-Bac"
"Bac1237",0,NA,NA,"Bac1237","Prokaryote","Bacteria","Cyanobacteria","Chloroplast","Chlorophyta","Trebouxiophyceae","TrebouxiophyceaeFA","_","Bac1237","Non-Actinobacteria","Non-Actinobacteria","Rhizosphere","Pre_flowering_drought",2,9,"Bac-Bac"
"Bac743",0,NA,NA,"Bac743","Prokaryote","Bacteria","Proteobacteria","Deltaproteobacteria","Syntrophobacterales","Syntrophobacteraceae","SyntrophobacteraceaeFA","_","Bac743","Non-Actinobacteria","Non-Actinobacteria","Rhizosphere","Pre_flowering_drought",2,9,"Bac-Bac"
"Bac336",0.625,1.15470053837925,"Connector","Bac336","Prokaryote","Bacteria","Acidobacteria","Chloracidobacteria","ChloracidobacteriaCL","ChloracidobacteriaCL","ChloracidobacteriaCL","_","Bac336","Non-Actinobacteria","Non-Actinobacteria","Rhizosphere","Pre_flowering_drought",2,9,"Bac-Bac"
"Bac38",0,-0.79474267268792,"Peripherals","Bac38","Prokaryote","Bacteria","Proteobacteria","Gammaproteobacteria","Xanthomonadales","Xanthomonadaceae","Lysobacter","_","Bac38","Non-Actinobacteria","Non-Actinobacteria","Rhizosphere","Pre_flowering_drought",2,9,"Bac-Bac"
"Bac76",0,NA,NA,"Bac76","Prokaryote","Bacteria","Actinobacteria","ActinobacteriaPH","Actinomycetales","Streptomycetaceae","Streptomyces","_","Bac76","Actinobacteria","Actinobacteria","Rhizosphere","Pre_flowering_drought",2,9,"Bac-Bac"
"Bac112",0,-0.98652850054361,"Peripherals","Bac112","Prokaryote","Bacteria","Acidobacteria","AcidobacteriaPH","Acidobacteriales","AcidobacterialesOR","AcidobacterialesOR","_","Bac112","Non-Actinobacteria","Non-Actinobacteria","Rhizosphere","Pre_flowering_drought",2,9,"Bac-Bac"
"Bac116",0,-0.43605350182877,"Peripherals","Bac116","Prokaryote","Bacteria","Proteobacteria","Alphaproteobacteria","Sphingomonadales","_","_","_","Bac116","Non-Actinobacteria","Non-Actinobacteria","Rhizosphere","Pre_flowering_drought",2,9,"Bac-Bac"
"Bac124",0.444444444444444,-0.303547230936496,"Peripherals","Bac124","Prokaryote","Bacteria","Acidobacteria","Chloracidobacteria","ChloracidobacteriaCL","ChloracidobacteriaCL","ChloracidobacteriaCL","_","Bac124","Non-Actinobacteria","Non-Actinobacteria","Rhizosphere","Pre_flowering_drought",2,9,"Bac-Bac"
"Bac132",0,-0.951302988308988,"Peripherals","Bac132","Prokaryote","Bacteria","Firmicutes","Bacilli","Bacillales","Bacillaceae","Bacillus","_","Bac132","Non-Actinobacteria","Non-Actinobacteria","Rhizosphere","Pre_flowering_drought",2,9,"Bac-Bac"
"Bac145",0,NA,NA,"Bac145","Prokaryote","Bacteria","Proteobacteria","Betaproteobacteria","Nitrosomonadales","Nitrosomonadaceae","NitrosomonadaceaeFA","_","Bac145","Non-Actinobacteria","Non-Actinobacteria","Rhizosphere","Pre_flowering_drought",2,9,"Bac-Bac"
"Bac149",1.11022302462516e-16,0.0869296960710823,"Peripherals","Bac149","Prokaryote","Bacteria","Acidobacteria","Solibacteres","Solibacterales","Solibacteraceae","SolibacteraceaeFA","_","Bac149","Non-Actinobacteria","Non-Actinobacteria","Rhizosphere","Pre_flowering_drought",2,9,"Bac-Bac"
"Bac164",0,0.379434038670619,"Peripherals","Bac164","Prokaryote","Bacteria","Acidobacteria","AcidobacteriaPH","Acidobacteriales","AcidobacterialesOR","AcidobacterialesOR","_","Bac164","Non-Actinobacteria","Non-Actinobacteria","Rhizosphere","Pre_flowering_drought",2,9,"Bac-Bac"
"Bac168",0,-0.98652850054361,"Peripherals","Bac168","Prokaryote","Bacteria","Acidobacteria","AcidobacteriaPH","Acidobacteriales","AcidobacterialesOR","AcidobacterialesOR","_","Bac168","Non-Actinobacteria","Non-Actinobacteria","Rhizosphere","Pre_flowering_drought",2,9,"Bac-Bac"
"Bac172",0,-1.11662628193699,"Peripherals","Bac172","Prokaryote","Bacteria","Chloroflexi","SOGA31","SOGA31CL","SOGA31CL","SOGA31CL","_","Bac172","Non-Actinobacteria","Non-Actinobacteria","Rhizosphere","Pre_flowering_drought",2,9,"Bac-Bac"
"Bac194",0.32,-0.445987136364684,"Peripherals","Bac194","Prokaryote","Bacteria","Proteobacteria","Gammaproteobacteria","Oceanospirillales","211ds20","211ds20FA","_","Bac194","Non-Actinobacteria","Non-Actinobacteria","Rhizosphere","Pre_flowering_drought",2,9,"Bac-Bac"
"Bac200",0.375,-0.0773643309696203,"Peripherals","Bac200","Prokaryote","Bacteria","Bacteroidetes","Sphingobacteria","Sphingobacteriales","SphingobacterialesOR","SphingobacterialesOR","_","Bac200","Non-Actinobacteria","Non-Actinobacteria","Rhizosphere","Pre_flowering_drought",2,9,"Bac-Bac"
"Bac201",0,-0.43605350182877,"Peripherals","Bac201","Prokaryote","Bacteria","Acidobacteria","AcidobacteriaPH","Acidobacteriales","AcidobacterialesOR","AcidobacterialesOR","_","Bac201","Non-Actinobacteria","Non-Actinobacteria","Rhizosphere","Pre_flowering_drought",2,9,"Bac-Bac"
"Bac214",0,-0.445987136364684,"Peripherals","Bac214","Prokaryote","Bacteria","Acidobacteria","Chloracidobacteria","ChloracidobacteriaCL","ChloracidobacteriaCL","ChloracidobacteriaCL","_","Bac214","Non-Actinobacteria","Non-Actinobacteria","Rhizosphere","Pre_flowering_drought",2,9,"Bac-Bac"
"Bac221",0,-0.79474267268792,"Peripherals","Bac221","Prokaryote","Bacteria","Firmicutes","Bacilli","Bacillales","Paenibacillaceae","Paenibacillus","_","Bac221","Non-Actinobacteria","Non-Actinobacteria","Rhizosphere","Pre_flowering_drought",2,9,"Bac-Bac"
"Bac225",0,-0.623626080509939,"Peripherals","Bac225","Prokaryote","Bacteria","Gemmatimonadetes","GemmatimonadetesPH","GemmatimonadetesPH","GemmatimonadetesPH","GemmatimonadetesPH","_","Bac225","Non-Actinobacteria","Non-Actinobacteria","Rhizosphere","Pre_flowering_drought",2,9,"Bac-Bac"
"Bac227",0.444444444444444,-0.43605350182877,"Peripherals","Bac227","Prokaryote","Bacteria","Bacteroidetes","Sphingobacteria","Sphingobacteriales","SphingobacterialesOR","SphingobacterialesOR","_","Bac227","Non-Actinobacteria","Non-Actinobacteria","Rhizosphere","Pre_flowering_drought",2,9,"Bac-Bac"
"Bac231",0,NA,NA,"Bac231","Prokaryote","Bacteria","Gemmatimonadetes","GemmatimonadetesPH","Gemmatimonadales","GemmatimonadalesOR","GemmatimonadalesOR","_","Bac231","Non-Actinobacteria","Non-Actinobacteria","Rhizosphere","Pre_flowering_drought",2,9,"Bac-Bac"
"Bac236",0,-0.97890396880045,"Peripherals","Bac236","Prokaryote","Bacteria","Proteobacteria","Betaproteobacteria","Methylophilales","Methylophilaceae","MethylophilaceaeFA","_","Bac236","Non-Actinobacteria","Non-Actinobacteria","Rhizosphere","Pre_flowering_drought",2,9,"Bac-Bac"
"Bac237",0,-0.577350269189626,"Peripherals","Bac237","Prokaryote","Bacteria","Proteobacteria","Betaproteobacteria","Burkholderiales","Alcaligenaceae","Azohydromonas","_","Bac237","Non-Actinobacteria","Non-Actinobacteria","Rhizosphere","Pre_flowering_drought",2,9,"Bac-Bac"
"Bac248",0,NA,NA,"Bac248","Prokaryote","Bacteria","Acidobacteria","Solibacteres","Solibacterales","Solibacteraceae","SolibacteraceaeFA","_","Bac248","Non-Actinobacteria","Non-Actinobacteria","Rhizosphere","Pre_flowering_drought",2,9,"Bac-Bac"
"Bac249",0,-1.11662628193699,"Peripherals","Bac249","Prokaryote","Bacteria","Actinobacteria","ActinobacteriaPH","Actinomycetales","Pseudonocardiaceae","_","_","Bac249","Actinobacteria","Actinobacteria","Rhizosphere","Pre_flowering_drought",2,9,"Bac-Bac"
"Bac253",0,NA,NA,"Bac253","Prokaryote","Bacteria","Proteobacteria","Alphaproteobacteria","Rhizobiales","RhizobialesOR","RhizobialesOR","_","Bac253","Non-Actinobacteria","Non-Actinobacteria","Rhizosphere","Pre_flowering_drought",2,9,"Bac-Bac"
"Bac254",0,-0.951302988308988,"Peripherals","Bac254","Prokaryote","Bacteria","Firmicutes","Bacilli","Bacillales","Alicyclobacillaceae","Alicyclobacillus","_","Bac254","Non-Actinobacteria","Non-Actinobacteria","Rhizosphere","Pre_flowering_drought",2,9,"Bac-Bac"
"Bac270",0,-0.79474267268792,"Peripherals","Bac270","Prokaryote","Bacteria","Acidobacteria","AcidobacteriaPH","Acidobacteriales","Acidobacteriaceae","AcidobacteriaceaeFA","_","Bac270","Non-Actinobacteria","Non-Actinobacteria","Rhizosphere","Pre_flowering_drought",2,9,"Bac-Bac"
"Bac280",0,-0.97890396880045,"Peripherals","Bac280","Prokaryote","Bacteria","Proteobacteria","Betaproteobacteria","Rhodocyclales","RhodocyclalesOR","RhodocyclalesOR","_","Bac280","Non-Actinobacteria","Non-Actinobacteria","Rhizosphere","Pre_flowering_drought",2,9,"Bac-Bac"
"Bac282",0,NA,NA,"Bac282","Prokaryote","Bacteria","Proteobacteria","Deltaproteobacteria","Myxococcales","Haliangiaceae","HaliangiaceaeFA","_","Bac282","Non-Actinobacteria","Non-Actinobacteria","Rhizosphere","Pre_flowering_drought",2,9,"Bac-Bac"
"Bac284",0,-0.577350269189626,"Peripherals","Bac284","Prokaryote","Bacteria","CCM11b","CCM11bPH","CCM11bPH","CCM11bPH","CCM11bPH","_","Bac284","Non-Actinobacteria","Non-Actinobacteria","Rhizosphere","Pre_flowering_drought",2,9,"Bac-Bac"
"Bac288",0,-0.97890396880045,"Peripherals","Bac288","Prokaryote","Bacteria","Gemmatimonadetes","GemmatimonadetesPH","GemmatimonadetesPH","GemmatimonadetesPH","GemmatimonadetesPH","_","Bac288","Non-Actinobacteria","Non-Actinobacteria","Rhizosphere","Pre_flowering_drought",2,9,"Bac-Bac"
"Bac290",0,-0.98652850054361,"Peripherals","Bac290","Prokaryote","Bacteria","Acidobacteria","AcidobacteriaPH","Acidobacteriales","AcidobacterialesOR","AcidobacterialesOR","_","Bac290","Non-Actinobacteria","Non-Actinobacteria","Rhizosphere","Pre_flowering_drought",2,9,"Bac-Bac"
"Bac299",0,-0.79474267268792,"Peripherals","Bac299","Prokaryote","Bacteria","Proteobacteria","Alphaproteobacteria","Rhizobiales","Hyphomicrobiaceae","Hyphomicrobium","_","Bac299","Non-Actinobacteria","Non-Actinobacteria","Rhizosphere","Pre_flowering_drought",2,9,"Bac-Bac"
"Bac324",0,-0.79474267268792,"Peripherals","Bac324","Prokaryote","Bacteria","Proteobacteria","Betaproteobacteria","Rhodocyclales","RhodocyclalesOR","RhodocyclalesOR","_","Bac324","Non-Actinobacteria","Non-Actinobacteria","Rhizosphere","Pre_flowering_drought",2,9,"Bac-Bac"
"Bac338",0,NA,NA,"Bac338","Prokaryote","Bacteria","Acidobacteria","AcidobacteriaPH","AcidobacteriaPH","AcidobacteriaPH","AcidobacteriaPH","_","Bac338","Non-Actinobacteria","Non-Actinobacteria","Rhizosphere","Pre_flowering_drought",2,9,"Bac-Bac"
"Bac342",0.5,-0.79474267268792,"Peripherals","Bac342","Prokaryote","Bacteria","Acidobacteria","Chloracidobacteria","ChloracidobacteriaCL","ChloracidobacteriaCL","ChloracidobacteriaCL","_","Bac342","Non-Actinobacteria","Non-Actinobacteria","Rhizosphere","Pre_flowering_drought",2,9,"Bac-Bac"
"Bac343",0,-0.79474267268792,"Peripherals","Bac343","Prokaryote","Bacteria","Bacteroidetes","Sphingobacteria","Sphingobacteriales","SphingobacterialesOR","SphingobacterialesOR","_","Bac343","Non-Actinobacteria","Non-Actinobacteria","Rhizosphere","Pre_flowering_drought",2,9,"Bac-Bac"
"Bac349",0,NA,NA,"Bac349","Prokaryote","Bacteria","Proteobacteria","Gammaproteobacteria","Xanthomonadales","Sinobacteraceae","SinobacteraceaeFA","_","Bac349","Non-Actinobacteria","Non-Actinobacteria","Rhizosphere","Pre_flowering_drought",2,9,"Bac-Bac"
"Bac355",0,-1.11662628193699,"Peripherals","Bac355","Prokaryote","Bacteria","Proteobacteria","Deltaproteobacteria","Entotheonellales","Entotheonellaceae","EntotheonellaceaeFA","_","Bac355","Non-Actinobacteria","Non-Actinobacteria","Rhizosphere","Pre_flowering_drought",2,9,"Bac-Bac"
"Bac356",0,-0.889910118351366,"Peripherals","Bac356","Prokaryote","Bacteria","Firmicutes","Bacilli","Bacillales","Paenibacillaceae","Paenibacillus","_","Bac356","Non-Actinobacteria","Non-Actinobacteria","Rhizosphere","Pre_flowering_drought",2,9,"Bac-Bac"
"Bac365",0,NA,NA,"Bac365","Prokaryote","Bacteria","Proteobacteria","Deltaproteobacteria","Syntrophobacterales","Syntrophobacteraceae","SyntrophobacteraceaeFA","_","Bac365","Non-Actinobacteria","Non-Actinobacteria","Rhizosphere","Pre_flowering_drought",2,9,"Bac-Bac"
"Bac400",0,NA,NA,"Bac400","Prokaryote","Bacteria","Actinobacteria","ActinobacteriaPH","Acidimicrobiales","AcidimicrobialesOR","AcidimicrobialesOR","_","Bac400","Actinobacteria","Actinobacteria","Rhizosphere","Pre_flowering_drought",2,9,"Bac-Bac"
"Bac405",0,-0.98652850054361,"Peripherals","Bac405","Prokaryote","Bacteria","Proteobacteria","Deltaproteobacteria","Syntrophobacterales","Syntrophobacteraceae","SyntrophobacteraceaeFA","_","Bac405","Non-Actinobacteria","Non-Actinobacteria","Rhizosphere","Pre_flowering_drought",2,9,"Bac-Bac"
"Bac406",0.444444444444444,-0.577350269189626,"Peripherals","Bac406","Prokaryote","Bacteria","Acidobacteria","AcidobacteriaPH","AcidobacteriaPH","AcidobacteriaPH","AcidobacteriaPH","_","Bac406","Non-Actinobacteria","Non-Actinobacteria","Rhizosphere","Pre_flowering_drought",2,9,"Bac-Bac"
"Bac412",0,NA,NA,"Bac412","Prokaryote","Bacteria","Acidobacteria","AcidobacteriaPH","AcidobacteriaPH","AcidobacteriaPH","AcidobacteriaPH","_","Bac412","Non-Actinobacteria","Non-Actinobacteria","Rhizosphere","Pre_flowering_drought",2,9,"Bac-Bac"
"Bac422",0,-0.951302988308988,"Peripherals","Bac422","Prokaryote","Bacteria","Bacteroidetes","Sphingobacteria","Sphingobacteriales","Sphingobacteriaceae","SphingobacteriaceaeFA","_","Bac422","Non-Actinobacteria","Non-Actinobacteria","Rhizosphere","Pre_flowering_drought",2,9,"Bac-Bac"
"Bac440",0,-0.98652850054361,"Peripherals","Bac440","Prokaryote","Bacteria","Acidobacteria","AcidobacteriaPH","Acidobacteriales","AcidobacterialesOR","AcidobacterialesOR","_","Bac440","Non-Actinobacteria","Non-Actinobacteria","Rhizosphere","Pre_flowering_drought",2,9,"Bac-Bac"
"Bac458",0,NA,NA,"Bac458","Prokaryote","Bacteria","Gemmatimonadetes","GemmatimonadetesPH","Gemmatimonadales","Gemmatimonadaceae","GemmatimonadaceaeFA","_","Bac458","Non-Actinobacteria","Non-Actinobacteria","Rhizosphere","Pre_flowering_drought",2,9,"Bac-Bac"
"Bac465",0,0.998703181607829,"Peripherals","Bac465","Prokaryote","Bacteria","Bacteroidetes","Sphingobacteria","Sphingobacteriales","Flexibacteraceae","Cytophaga","_","Bac465","Non-Actinobacteria","Non-Actinobacteria","Rhizosphere","Pre_flowering_drought",2,9,"Bac-Bac"
"Bac476",0,-0.43605350182877,"Peripherals","Bac476","Prokaryote","Bacteria","Proteobacteria","Deltaproteobacteria","Myxococcales","MyxococcalesOR","MyxococcalesOR","_","Bac476","Non-Actinobacteria","Non-Actinobacteria","Rhizosphere","Pre_flowering_drought",2,9,"Bac-Bac"
"Bac484",0,-0.951302988308988,"Peripherals","Bac484","Prokaryote","Bacteria","Firmicutes","Bacilli","Bacillales","Bacillaceae","Oceanobacillus","_","Bac484","Non-Actinobacteria","Non-Actinobacteria","Rhizosphere","Pre_flowering_drought",2,9,"Bac-Bac"
"Bac487",0,-0.79474267268792,"Peripherals","Bac487","Prokaryote","Bacteria","Proteobacteria","Betaproteobacteria","Rhodocyclales","RhodocyclalesOR","RhodocyclalesOR","_","Bac487","Non-Actinobacteria","Non-Actinobacteria","Rhizosphere","Pre_flowering_drought",2,9,"Bac-Bac"
"Bac497",0,-0.79474267268792,"Peripherals","Bac497","Prokaryote","Bacteria","_","_","_","_","_","_","Bac497","Non-Actinobacteria","Non-Actinobacteria","Rhizosphere","Pre_flowering_drought",2,9,"Bac-Bac"
"Bac511",0,-0.951302988308988,"Peripherals","Bac511","Prokaryote","Bacteria","Chloroflexi","Anaerolineae","Caldilineales","Caldilineaceae","CaldilineaceaeFA","_","Bac511","Non-Actinobacteria","Non-Actinobacteria","Rhizosphere","Pre_flowering_drought",2,9,"Bac-Bac"
"Bac524",0,-0.97890396880045,"Peripherals","Bac524","Prokaryote","Bacteria","Acidobacteria","Chloracidobacteria","ChloracidobacteriaCL","ChloracidobacteriaCL","ChloracidobacteriaCL","_","Bac524","Non-Actinobacteria","Non-Actinobacteria","Rhizosphere","Pre_flowering_drought",2,9,"Bac-Bac"
"Bac526",0,-0.79474267268792,"Peripherals","Bac526","Prokaryote","Bacteria","Gemmatimonadetes","GemmatimonadetesPH","Gemmatimonadales","Gemmatimonadaceae","GemmatimonadaceaeFA","_","Bac526","Non-Actinobacteria","Non-Actinobacteria","Rhizosphere","Pre_flowering_drought",2,9,"Bac-Bac"
"Bac546",0,NA,NA,"Bac546","Prokaryote","Bacteria","Acidobacteria","AcidobacteriaPH","AcidobacteriaPH","AcidobacteriaPH","AcidobacteriaPH","_","Bac546","Non-Actinobacteria","Non-Actinobacteria","Rhizosphere","Pre_flowering_drought",2,9,"Bac-Bac"
"Bac557",0,NA,NA,"Bac557","Prokaryote","Bacteria","Proteobacteria","Alphaproteobacteria","Caulobacterales","Caulobacteraceae","CaulobacteraceaeFA","_","Bac557","Non-Actinobacteria","Non-Actinobacteria","Rhizosphere","Pre_flowering_drought",2,9,"Bac-Bac"
"Bac569",0,0.126840398441199,"Peripherals","Bac569","Prokaryote","Bacteria","Bacteroidetes","Sphingobacteria","Sphingobacteriales","Sphingobacteriaceae","SphingobacteriaceaeFA","_","Bac569","Non-Actinobacteria","Non-Actinobacteria","Rhizosphere","Pre_flowering_drought",2,9,"Bac-Bac"
"Bac579",0,NA,NA,"Bac579","Prokaryote","Bacteria","Chloroflexi","ChloroflexiPH","Roseiflexales","RoseiflexalesOR","RoseiflexalesOR","_","Bac579","Non-Actinobacteria","Non-Actinobacteria","Rhizosphere","Pre_flowering_drought",2,9,"Bac-Bac"
"Bac589",0,-0.0907092480741731,"Peripherals","Bac589","Prokaryote","Bacteria","Verrucomicrobia","Verrucomicrobiae","Verrucomicrobiales","VerrucomicrobialesOR","VerrucomicrobialesOR","_","Bac589","Non-Actinobacteria","Non-Actinobacteria","Rhizosphere","Pre_flowering_drought",2,9,"Bac-Bac"
"Bac696",0.18,0.442207584361593,"Peripherals","Bac696","Prokaryote","Bacteria","Verrucomicrobia","Verrucomicrobiae","Verrucomicrobiales","VerrucomicrobialesOR","VerrucomicrobialesOR","_","Bac696","Non-Actinobacteria","Non-Actinobacteria","Rhizosphere","Pre_flowering_drought",2,9,"Bac-Bac"
"Bac700",0,-0.97890396880045,"Peripherals","Bac700","Prokaryote","Bacteria","Acidobacteria","Solibacteres","Solibacterales","Solibacteraceae","SolibacteraceaeFA","_","Bac700","Non-Actinobacteria","Non-Actinobacteria","Rhizosphere","Pre_flowering_drought",2,9,"Bac-Bac"
"Bac702",0,-0.866025403784439,"Peripherals","Bac702","Prokaryote","Bacteria","TM7","TM7PH","TM7PH","TM7PH","TM7PH","_","Bac702","Non-Actinobacteria","Non-Actinobacteria","Rhizosphere","Pre_flowering_drought",2,9,"Bac-Bac"
"Bac710",1.11022302462516e-16,0.400299987864204,"Peripherals","Bac710","Prokaryote","Bacteria","Actinobacteria","ActinobacteriaPH","Actinomycetales","Nocardioidaceae","Actinopolymorpha","_","Bac710","Actinobacteria","Actinobacteria","Rhizosphere","Pre_flowering_drought",2,9,"Bac-Bac"
"Bac728",0,-1.11662628193699,"Peripherals","Bac728","Prokaryote","Bacteria","Actinobacteria","ActinobacteriaPH","Actinomycetales","Nocardioidaceae","Nocardioides","_","Bac728","Actinobacteria","Actinobacteria","Rhizosphere","Pre_flowering_drought",2,9,"Bac-Bac"
"Bac738",0,NA,NA,"Bac738","Prokaryote","Bacteria","Actinobacteria","ActinobacteriaPH","Acidimicrobiales","AcidimicrobialesOR","AcidimicrobialesOR","_","Bac738","Actinobacteria","Actinobacteria","Rhizosphere","Pre_flowering_drought",2,9,"Bac-Bac"
"Bac740",0,-0.97890396880045,"Peripherals","Bac740","Prokaryote","Bacteria","Gemmatimonadetes","GemmatimonadetesPH","Gemmatimonadales","Gemmatimonadaceae","Gemmatimonas","_","Bac740","Non-Actinobacteria","Non-Actinobacteria","Rhizosphere","Pre_flowering_drought",2,9,"Bac-Bac"
"Bac742",0,NA,NA,"Bac742","Prokaryote","Bacteria","Proteobacteria","Alphaproteobacteria","Rhizobiales","Hyphomicrobiaceae","Rhodoplanes","_","Bac742","Non-Actinobacteria","Non-Actinobacteria","Rhizosphere","Pre_flowering_drought",2,9,"Bac-Bac"
"Bac745",0,-0.654653670707977,"Peripherals","Bac745","Prokaryote","Bacteria","Firmicutes","Bacilli","Bacillales","Paenibacillaceae","Paenibacillus","_","Bac745","Non-Actinobacteria","Non-Actinobacteria","Rhizosphere","Pre_flowering_drought",2,9,"Bac-Bac"
"Bac748",0,-1.11662628193699,"Peripherals","Bac748","Prokaryote","Bacteria","Actinobacteria","ActinobacteriaPH","Solirubrobacterales","_","_","_","Bac748","Actinobacteria","Actinobacteria","Rhizosphere","Pre_flowering_drought",2,9,"Bac-Bac"
"Bac781",0,NA,NA,"Bac781","Prokaryote","Bacteria","Gemmatimonadetes","GemmatimonadetesPH","GemmatimonadetesPH","GemmatimonadetesPH","GemmatimonadetesPH","_","Bac781","Non-Actinobacteria","Non-Actinobacteria","Rhizosphere","Pre_flowering_drought",2,9,"Bac-Bac"
"Bac783",0,-0.801265024655195,"Peripherals","Bac783","Prokaryote","Bacteria","Bacteroidetes","Sphingobacteria","Sphingobacteriales","SphingobacterialesOR","SphingobacterialesOR","_","Bac783","Non-Actinobacteria","Non-Actinobacteria","Rhizosphere","Pre_flowering_drought",2,9,"Bac-Bac"
"Bac807",0,-0.889910118351366,"Peripherals","Bac807","Prokaryote","Bacteria","Chloroflexi","ChloroflexiPH","Roseiflexales","Kouleothrixaceae","KouleothrixaceaeFA","_","Bac807","Non-Actinobacteria","Non-Actinobacteria","Rhizosphere","Pre_flowering_drought",2,9,"Bac-Bac"
"Bac813",0,1.36909248977133,"Peripherals","Bac813","Prokaryote","Bacteria","Proteobacteria","Alphaproteobacteria","Rhodospirillales","Rhodospirillaceae","RhodospirillaceaeFA","_","Bac813","Non-Actinobacteria","Non-Actinobacteria","Rhizosphere","Pre_flowering_drought",2,9,"Bac-Bac"
"Bac815",0,NA,NA,"Bac815","Prokaryote","Bacteria","Proteobacteria","Deltaproteobacteria","DeltaproteobacteriaCL","DeltaproteobacteriaCL","DeltaproteobacteriaCL","_","Bac815","Non-Actinobacteria","Non-Actinobacteria","Rhizosphere","Pre_flowering_drought",2,9,"Bac-Bac"
"Bac831",0.375,1.5,"Peripherals","Bac831","Prokaryote","Bacteria","Gemmatimonadetes","GemmatimonadetesPH","Gemmatimonadales","Gemmatimonadaceae","Gemmatimonas","_","Bac831","Non-Actinobacteria","Non-Actinobacteria","Rhizosphere","Pre_flowering_drought",2,9,"Bac-Bac"
"Bac853",1.11022302462516e-16,0.400299987864204,"Peripherals","Bac853","Prokaryote","Bacteria","Chloroflexi","Thermomicrobia","ThermomicrobiaCL","ThermomicrobiaCL","ThermomicrobiaCL","_","Bac853","Non-Actinobacteria","Non-Actinobacteria","Rhizosphere","Pre_flowering_drought",2,9,"Bac-Bac"
"Bac869",0,-0.98652850054361,"Peripherals","Bac869","Prokaryote","Bacteria","Acidobacteria","AcidobacteriaPH","Acidobacteriales","AcidobacterialesOR","AcidobacterialesOR","_","Bac869","Non-Actinobacteria","Non-Actinobacteria","Rhizosphere","Pre_flowering_drought",2,9,"Bac-Bac"
"Bac877",0,NA,NA,"Bac877","Prokaryote","Bacteria","Actinobacteria","ActinobacteriaPH","Acidimicrobiales","Iamiaceae","IamiaceaeFA","_","Bac877","Actinobacteria","Actinobacteria","Rhizosphere","Pre_flowering_drought",2,9,"Bac-Bac"
"Bac889",0,NA,NA,"Bac889","Prokaryote","Bacteria","Firmicutes","Bacilli","Bacillales","Thermoactinomycetaceae","Thermoactinomyces","_","Bac889","Non-Actinobacteria","Non-Actinobacteria","Rhizosphere","Pre_flowering_drought",2,9,"Bac-Bac"
"Bac905",0,-0.623626080509939,"Peripherals","Bac905","Prokaryote","Bacteria","Bacteroidetes","Sphingobacteria","Sphingobacteriales","SphingobacterialesOR","SphingobacterialesOR","_","Bac905","Non-Actinobacteria","Non-Actinobacteria","Rhizosphere","Pre_flowering_drought",2,9,"Bac-Bac"
"Bac906",0,1.15470053837925,"Peripherals","Bac906","Prokaryote","Bacteria","_","_","_","_","_","_","Bac906","Non-Actinobacteria","Non-Actinobacteria","Rhizosphere","Pre_flowering_drought",2,9,"Bac-Bac"
"Bac921",0.5,-0.79474267268792,"Peripherals","Bac921","Prokaryote","Bacteria","Gemmatimonadetes","GemmatimonadetesPH","Gemmatimonadales","GemmatimonadalesOR","GemmatimonadalesOR","_","Bac921","Non-Actinobacteria","Non-Actinobacteria","Rhizosphere","Pre_flowering_drought",2,9,"Bac-Bac"
"Bac925",0,0,"Peripherals","Bac925","Prokaryote","Bacteria","Proteobacteria","Deltaproteobacteria","Myxococcales","Nannocystaceae","Plesiocystis","_","Bac925","Non-Actinobacteria","Non-Actinobacteria","Rhizosphere","Pre_flowering_drought",2,9,"Bac-Bac"
"Bac937",0,NA,NA,"Bac937","Prokaryote","Bacteria","_","_","_","_","_","_","Bac937","Non-Actinobacteria","Non-Actinobacteria","Rhizosphere","Pre_flowering_drought",2,9,"Bac-Bac"
"Bac944",0,NA,NA,"Bac944","Prokaryote","Bacteria","Actinobacteria","ActinobacteriaPH","Actinomycetales","Mycobacteriaceae","Mycobacterium","_","Bac944","Actinobacteria","Actinobacteria","Rhizosphere","Pre_flowering_drought",2,9,"Bac-Bac"
"Bac953",0,-0.951302988308988,"Peripherals","Bac953","Prokaryote","Bacteria","Proteobacteria","Deltaproteobacteria","Bdellovibrionales","Bacteriovoracaceae","BacteriovoracaceaeFA","_","Bac953","Non-Actinobacteria","Non-Actinobacteria","Rhizosphere","Pre_flowering_drought",2,9,"Bac-Bac"
"Bac960",0,-0.577350269189626,"Peripherals","Bac960","Prokaryote","Bacteria","Proteobacteria","Deltaproteobacteria","DeltaproteobacteriaCL","DeltaproteobacteriaCL","DeltaproteobacteriaCL","_","Bac960","Non-Actinobacteria","Non-Actinobacteria","Rhizosphere","Pre_flowering_drought",2,9,"Bac-Bac"
"Bac965",0,-0.79474267268792,"Peripherals","Bac965","Prokaryote","Bacteria","Acidobacteria","AcidobacteriaPH","AcidobacteriaPH","AcidobacteriaPH","AcidobacteriaPH","_","Bac965","Non-Actinobacteria","Non-Actinobacteria","Rhizosphere","Pre_flowering_drought",2,9,"Bac-Bac"
"Bac968",0,NA,NA,"Bac968","Prokaryote","Bacteria","Proteobacteria","Alphaproteobacteria","_","_","_","_","Bac968","Non-Actinobacteria","Non-Actinobacteria","Rhizosphere","Pre_flowering_drought",2,9,"Bac-Bac"
"Bac978",0,-0.0773643309696203,"Peripherals","Bac978","Prokaryote","Bacteria","Firmicutes","Bacilli","Bacillales","Thermoactinomycetaceae","ThermoactinomycetaceaeFA","_","Bac978","Non-Actinobacteria","Non-Actinobacteria","Rhizosphere","Pre_flowering_drought",2,9,"Bac-Bac"
"Bac982",0,NA,NA,"Bac982","Prokaryote","Bacteria","Acidobacteria","Chloracidobacteria","ChloracidobacteriaCL","ChloracidobacteriaCL","ChloracidobacteriaCL","_","Bac982","Non-Actinobacteria","Non-Actinobacteria","Rhizosphere","Pre_flowering_drought",2,9,"Bac-Bac"
"Bac1015",0,NA,NA,"Bac1015","Prokaryote","Bacteria","Chloroflexi","ChloroflexiPH","Herpetosiphonales","Herpetosiphonaceae","HerpetosiphonaceaeFA","_","Bac1015","Non-Actinobacteria","Non-Actinobacteria","Rhizosphere","Pre_flowering_drought",2,9,"Bac-Bac"
"Bac1019",0,NA,NA,"Bac1019","Prokaryote","Bacteria","Actinobacteria","ActinobacteriaPH","ActinobacteriaPH","ActinobacteriaPH","ActinobacteriaPH","_","Bac1019","Actinobacteria","Actinobacteria","Rhizosphere","Pre_flowering_drought",2,9,"Bac-Bac"
"Bac1059",0,NA,NA,"Bac1059","Prokaryote","Bacteria","Acidobacteria","Chloracidobacteria","ChloracidobacteriaCL","ChloracidobacteriaCL","ChloracidobacteriaCL","_","Bac1059","Non-Actinobacteria","Non-Actinobacteria","Rhizosphere","Pre_flowering_drought",2,9,"Bac-Bac"
"Bac1074",0,NA,NA,"Bac1074","Prokaryote","Bacteria","Proteobacteria","Gammaproteobacteria","Xanthomonadales","Sinobacteraceae","SinobacteraceaeFA","_","Bac1074","Non-Actinobacteria","Non-Actinobacteria","Rhizosphere","Pre_flowering_drought",2,9,"Bac-Bac"
"Bac1084",0,NA,NA,"Bac1084","Prokaryote","Bacteria","Bacteroidetes","Sphingobacteria","Sphingobacteriales","SphingobacterialesOR","SphingobacterialesOR","_","Bac1084","Non-Actinobacteria","Non-Actinobacteria","Rhizosphere","Pre_flowering_drought",2,9,"Bac-Bac"
"Bac1093",0,-0.670820393249937,"Peripherals","Bac1093","Prokaryote","Bacteria","Bacteroidetes","Sphingobacteria","Sphingobacteriales","SphingobacterialesOR","SphingobacterialesOR","_","Bac1093","Non-Actinobacteria","Non-Actinobacteria","Rhizosphere","Pre_flowering_drought",2,9,"Bac-Bac"
"Bac1121",0,NA,NA,"Bac1121","Prokaryote","Bacteria","Acidobacteria","AcidobacteriaPH","Acidobacteriales","AcidobacterialesOR","AcidobacterialesOR","_","Bac1121","Non-Actinobacteria","Non-Actinobacteria","Rhizosphere","Pre_flowering_drought",2,9,"Bac-Bac"
"Bac1143",0,NA,NA,"Bac1143","Prokaryote","Bacteria","Gemmatimonadetes","GemmatimonadetesPH","GemmatimonadetesPH","GemmatimonadetesPH","GemmatimonadetesPH","_","Bac1143","Non-Actinobacteria","Non-Actinobacteria","Rhizosphere","Pre_flowering_drought",2,9,"Bac-Bac"
"Bac1168",0,-0.97890396880045,"Peripherals","Bac1168","Prokaryote","Bacteria","Actinobacteria","ActinobacteriaPH","Acidimicrobiales","AcidimicrobialesOR","AcidimicrobialesOR","_","Bac1168","Actinobacteria","Actinobacteria","Rhizosphere","Pre_flowering_drought",2,9,"Bac-Bac"
"Bac1194",0,NA,NA,"Bac1194","Prokaryote","Bacteria","Proteobacteria","Deltaproteobacteria","Myxococcales","Haliangiaceae","HaliangiaceaeFA","_","Bac1194","Non-Actinobacteria","Non-Actinobacteria","Rhizosphere","Pre_flowering_drought",2,9,"Bac-Bac"
"Bac1203",0,NA,NA,"Bac1203","Prokaryote","Bacteria","Actinobacteria","ActinobacteriaPH","Acidimicrobiales","AcidimicrobialesOR","AcidimicrobialesOR","_","Bac1203","Actinobacteria","Actinobacteria","Rhizosphere","Pre_flowering_drought",2,9,"Bac-Bac"
"Bac1209",0,-0.79474267268792,"Peripherals","Bac1209","Prokaryote","Bacteria","Bacteroidetes","Sphingobacteria","Sphingobacteriales","SphingobacterialesOR","SphingobacterialesOR","_","Bac1209","Non-Actinobacteria","Non-Actinobacteria","Rhizosphere","Pre_flowering_drought",2,9,"Bac-Bac"
"Bac1211",0,NA,NA,"Bac1211","Prokaryote","Bacteria","Acidobacteria","AcidobacteriaPH","AcidobacteriaPH","AcidobacteriaPH","AcidobacteriaPH","_","Bac1211","Non-Actinobacteria","Non-Actinobacteria","Rhizosphere","Pre_flowering_drought",2,9,"Bac-Bac"
"Bac1240",0,-0.889910118351366,"Peripherals","Bac1240","Prokaryote","Bacteria","Chloroflexi","Thermomicrobia","ThermomicrobiaCL","ThermomicrobiaCL","ThermomicrobiaCL","_","Bac1240","Non-Actinobacteria","Non-Actinobacteria","Rhizosphere","Pre_flowering_drought",2,9,"Bac-Bac"
"Bac1259",0,NA,NA,"Bac1259","Prokaryote","Bacteria","Chloroflexi","Anaerolineae","Caldilineales","Caldilineaceae","CaldilineaceaeFA","_","Bac1259","Non-Actinobacteria","Non-Actinobacteria","Rhizosphere","Pre_flowering_drought",2,9,"Bac-Bac"
"Bac1329",0.5,-0.79474267268792,"Peripherals","Bac1329","Prokaryote","Bacteria","Bacteroidetes","Sphingobacteria","Sphingobacteriales","SphingobacterialesOR","Niastella","_","Bac1329","Non-Actinobacteria","Non-Actinobacteria","Rhizosphere","Pre_flowering_drought",2,9,"Bac-Bac"
"Bac1337",0,NA,NA,"Bac1337","Prokaryote","Bacteria","Gemmatimonadetes","GemmatimonadetesPH","Gemmatimonadales","Gemmatimonadaceae","GemmatimonadaceaeFA","_","Bac1337","Non-Actinobacteria","Non-Actinobacteria","Rhizosphere","Pre_flowering_drought",2,9,"Bac-Bac"
"Bac1338",0,-0.43605350182877,"Peripherals","Bac1338","Prokaryote","Bacteria","Tenericutes","Mollicutes","Mycoplasmatales","Mycoplasmataceae","MycoplasmataceaeFA","_","Bac1338","Non-Actinobacteria","Non-Actinobacteria","Rhizosphere","Pre_flowering_drought",2,9,"Bac-Bac"
"Bac1372",0,0.447213595499958,"Peripherals","Bac1372","Prokaryote","Bacteria","Acidobacteria","AcidobacteriaPH","AcidobacteriaPH","AcidobacteriaPH","AcidobacteriaPH","_","Bac1372","Non-Actinobacteria","Non-Actinobacteria","Rhizosphere","Pre_flowering_drought",2,9,"Bac-Bac"
"Bac1383",0,NA,NA,"Bac1383","Prokaryote","Bacteria","Cyanobacteria","Nostocophycideae","Nostocales","Nostocaceae","NostocaceaeFA","_","Bac1383","Non-Actinobacteria","Non-Actinobacteria","Rhizosphere","Pre_flowering_drought",2,9,"Bac-Bac"
"Bac1420",0,NA,NA,"Bac1420","Prokaryote","Bacteria","_","_","_","_","_","_","Bac1420","Non-Actinobacteria","Non-Actinobacteria","Rhizosphere","Pre_flowering_drought",2,9,"Bac-Bac"
"Bac1428",0,-0.670820393249937,"Peripherals","Bac1428","Prokaryote","Bacteria","Actinobacteria","ActinobacteriaPH","Solirubrobacterales","Patulibacteraceae","PatulibacteraceaeFA","_","Bac1428","Actinobacteria","Actinobacteria","Rhizosphere","Pre_flowering_drought",2,9,"Bac-Bac"
"Bac1435",0,-0.577350269189626,"Peripherals","Bac1435","Prokaryote","Bacteria","Bacteroidetes","Sphingobacteria","Sphingobacteriales","SphingobacterialesOR","SphingobacterialesOR","_","Bac1435","Non-Actinobacteria","Non-Actinobacteria","Rhizosphere","Pre_flowering_drought",2,9,"Bac-Bac"
"Bac1438",0,NA,NA,"Bac1438","Prokaryote","Bacteria","Chloroflexi","ChloroflexiPH","Chloroflexales","Chloroflexaceae","Chloroflexus","_","Bac1438","Non-Actinobacteria","Non-Actinobacteria","Rhizosphere","Pre_flowering_drought",2,9,"Bac-Bac"
"Bac1441",0,NA,NA,"Bac1441","Prokaryote","Bacteria","Actinobacteria","ActinobacteriaPH","Actinomycetales","Streptomycetaceae","Streptomyces","_","Bac1441","Actinobacteria","Actinobacteria","Rhizosphere","Pre_flowering_drought",2,9,"Bac-Bac"
"Bac1494",0,NA,NA,"Bac1494","Prokaryote","Bacteria","_","_","_","_","_","_","Bac1494","Non-Actinobacteria","Non-Actinobacteria","Rhizosphere","Pre_flowering_drought",2,9,"Bac-Bac"
"Bac1495",0,-0.670820393249937,"Peripherals","Bac1495","Prokaryote","Bacteria","Chloroflexi","_","_","_","_","_","Bac1495","Non-Actinobacteria","Non-Actinobacteria","Rhizosphere","Pre_flowering_drought",2,9,"Bac-Bac"
"Bac1503",0,NA,NA,"Bac1503","Prokaryote","Bacteria","Actinobacteria","ActinobacteriaPH","Solirubrobacterales","SolirubrobacteralesOR","SolirubrobacteralesOR","_","Bac1503","Actinobacteria","Actinobacteria","Rhizosphere","Pre_flowering_drought",2,9,"Bac-Bac"
"Bac1510",0,NA,NA,"Bac1510","Prokaryote","Bacteria","Gemmatimonadetes","GemmatimonadetesPH","Gemmatimonadales","Gemmatimonadaceae","Gemmatimonas","_","Bac1510","Non-Actinobacteria","Non-Actinobacteria","Rhizosphere","Pre_flowering_drought",2,9,"Bac-Bac"
"Bac1522",0,NA,NA,"Bac1522","Prokaryote","Bacteria","_","_","_","_","_","_","Bac1522","Non-Actinobacteria","Non-Actinobacteria","Rhizosphere","Pre_flowering_drought",2,9,"Bac-Bac"
"Bac1614",0,NA,NA,"Bac1614","Prokaryote","Bacteria","Actinobacteria","ActinobacteriaPH","Actinomycetales","Sporichthyaceae","SporichthyaceaeFA","_","Bac1614","Actinobacteria","Actinobacteria","Rhizosphere","Pre_flowering_drought",2,9,"Bac-Bac"
"Bac1632",0,-0.577350269189626,"Peripherals","Bac1632","Prokaryote","Bacteria","Proteobacteria","Gammaproteobacteria","Pseudomonadales","Pseudomonadaceae","Pseudomonas","_","Bac1632","Non-Actinobacteria","Non-Actinobacteria","Rhizosphere","Pre_flowering_drought",2,9,"Bac-Bac"
"Bac1639",0,NA,NA,"Bac1639","Prokaryote","Bacteria","Dictyoglomi","Dictyoglomia","Dictyoglomales","Dictyoglomaceae","Dictyoglomus","_","Bac1639","Non-Actinobacteria","Non-Actinobacteria","Rhizosphere","Pre_flowering_drought",2,9,"Bac-Bac"
"Bac1649",0,NA,NA,"Bac1649","Prokaryote","Bacteria","Chloroflexi","Thermomicrobia","ThermomicrobiaCL","ThermomicrobiaCL","ThermomicrobiaCL","_","Bac1649","Non-Actinobacteria","Non-Actinobacteria","Rhizosphere","Pre_flowering_drought",2,9,"Bac-Bac"
"Bac1757",0,-0.577350269189626,"Peripherals","Bac1757","Prokaryote","Bacteria","Chloroflexi","TK17","_","_","_","_","Bac1757","Non-Actinobacteria","Non-Actinobacteria","Rhizosphere","Pre_flowering_drought",2,9,"Bac-Bac"
"Bac1794",0,-1.11662628193699,"Peripherals","Bac1794","Prokaryote","Bacteria","Actinobacteria","ActinobacteriaPH","Actinomycetales","Pseudonocardiaceae","Actinomycetospora","_","Bac1794","Actinobacteria","Actinobacteria","Rhizosphere","Pre_flowering_drought",2,9,"Bac-Bac"
"Bac1803",0,-0.43605350182877,"Peripherals","Bac1803","Prokaryote","Bacteria","Chloroflexi","ChloroflexiPH","Roseiflexales","Kouleothrixaceae","KouleothrixaceaeFA","_","Bac1803","Non-Actinobacteria","Non-Actinobacteria","Rhizosphere","Pre_flowering_drought",2,9,"Bac-Bac"
"Bac1818",0,NA,NA,"Bac1818","Prokaryote","Bacteria","Chloroflexi","ChloroflexiPH","Chloroflexales","Chloroflexaceae","Chloroflexus","_","Bac1818","Non-Actinobacteria","Non-Actinobacteria","Rhizosphere","Pre_flowering_drought",2,9,"Bac-Bac"
"Bac1825",0,-0.951302988308988,"Peripherals","Bac1825","Prokaryote","Bacteria","Actinobacteria","ActinobacteriaPH","Acidimicrobiales","AcidimicrobialesOR","AcidimicrobialesOR","_","Bac1825","Actinobacteria","Actinobacteria","Rhizosphere","Pre_flowering_drought",2,9,"Bac-Bac"
"Bac1887",0,NA,NA,"Bac1887","Prokaryote","Bacteria","Actinobacteria","ActinobacteriaPH","MC47","MC47OR","MC47OR","_","Bac1887","Actinobacteria","Actinobacteria","Rhizosphere","Pre_flowering_drought",2,9,"Bac-Bac"
"Bac1897",0,NA,NA,"Bac1897","Prokaryote","Bacteria","Chloroflexi","Anaerolineae","Caldilineales","Caldilineaceae","CaldilineaceaeFA","_","Bac1897","Non-Actinobacteria","Non-Actinobacteria","Rhizosphere","Pre_flowering_drought",2,9,"Bac-Bac"
"Bac1913",0,NA,NA,"Bac1913","Prokaryote","Bacteria","Actinobacteria","ActinobacteriaPH","Acidimicrobiales","EB1017","EB1017FA","_","Bac1913","Actinobacteria","Actinobacteria","Rhizosphere","Pre_flowering_drought",2,9,"Bac-Bac"
"Bac1934",0,NA,NA,"Bac1934","Prokaryote","Bacteria","Bacteroidetes","Sphingobacteria","Sphingobacteriales","SphingobacterialesOR","SphingobacterialesOR","_","Bac1934","Non-Actinobacteria","Non-Actinobacteria","Rhizosphere","Pre_flowering_drought",2,9,"Bac-Bac"
"Bac1975",0,1.15470053837925,"Peripherals","Bac1975","Prokaryote","Bacteria","Chloroflexi","ChloroflexiPH","Chloroflexales","_","_","_","Bac1975","Non-Actinobacteria","Non-Actinobacteria","Rhizosphere","Pre_flowering_drought",2,9,"Bac-Bac"
"Bac1998",0,NA,NA,"Bac1998","Prokaryote","Bacteria","Actinobacteria","ActinobacteriaPH","Actinomycetales","Propionibacteriaceae","Tessaracoccus","_","Bac1998","Actinobacteria","Actinobacteria","Rhizosphere","Pre_flowering_drought",2,9,"Bac-Bac"
"Bac2132",0,NA,NA,"Bac2132","Prokaryote","Bacteria","Proteobacteria","Deltaproteobacteria","Myxococcales","_","_","_","Bac2132","Non-Actinobacteria","Non-Actinobacteria","Rhizosphere","Pre_flowering_drought",2,9,"Bac-Bac"
"Bac2284",0,-0.577350269189626,"Peripherals","Bac2284","Prokaryote","Bacteria","Proteobacteria","Betaproteobacteria","Burkholderiales","Burkholderiaceae","BurkholderiaceaeFA","_","Bac2284","Non-Actinobacteria","Non-Actinobacteria","Rhizosphere","Pre_flowering_drought",2,9,"Bac-Bac"
